,0
0,82
1,580 million
2,US dollars sixteen thousand one hundred and       sixty three point seven two
3,shilin/shillings
4,baiocchi
5,13 160 700 000 AZN
6,shillings 11 pence
7,"5,000 koruny"
8,TEUR 397
9,UKL: 3
10,85 million 047.6 thousand.
11,(JPY million) 100
12,Dominican pesos
13,N500 million
14,12 Kw
15,Taiwanese Dollar
16,RM
17,"$3,3 10.67"
18,2.87 Soviet rubles
19,"5,000,000"
20,Danish dalers
21,"Brazilian reais 66,2 million"
22,1 700 000
23,30 Mexican pesos
24,£4 3s 4d sterling
25,drachmae
26,586 million markkaa (Fmk)
27,12 tumauns
28,"$1,029,53"
29,100 shilingi
30,cents in U.S. dollars
31,0.55
32,142 billion
33,.006
34,E
35,3.6 million
36,"52,80"
37,cfs
38,Dutch Guilder
39,","
40,"(thousand TWD) 1,154,588"
41,8 billion
42,quan tiền quý
43,⅔ tangka
44,1 million Polish zloty
45,Singapore dollars
46,"P3,300"
47,"MX$30’427,000.00"
48,ruble
49,"2,110,05"
50,2.45 second cedi
51,"EC$ 208,996.21"
52,"millions of yen 130,000"
53,Ls
54,Euro : 0
55,8 million DM
56,"946,419.00"
57,six
58,4.7 billion Slovak koruny (SKK)
59,Pounds
60,"52,800 million ptas"
61,20.01
62,^79^
63,shillings
64,​
65,30 Kw
66,"1,000 million"
67,37.000.000 ptas
68,370 million
69,118
70,"15,6466 Estonian kroonid"
71,LL
72,sheqalim
73,8 soles
74,FF
75,Ch$
76,cent
77,"92,799 pounds sterling, eleven shillings, and three pence"
78,Kw
79,GH₵
80,GBP [British Pounds]
81,GF
82,57
83,"20,000"
84,8 460
85,2 Ks
86,"13,960,483,873"
87,S$1 billion
88,“$
89,Deutschmarks
90,"TEUR 12,302"
91,"RMB14, 800.00 Yuan"
92,1⁄100
93,00/100
94,FmK 4 million
95,"Italian lira 1937,86"
96,Emirati Dirham
97,50 коп.
98,Emirati dirham
99,US$ : -135
100,Nine hundred twenty six million twenty one thousand six hundred and seventy nine
101,"94,000 francs CFA"
102,yen
103,128 6
104,"S/. 123,456.00"
105,UKL:
106,"FF 300,000"
107,1.25 million zł
108,Bangladeshi taka
109,950 million
110,"3, 3"
111,400 million
112,N$100
113,CYP 1000
114,1⁄10 of a real branco
115,S/.
116,9290
117,"P447,920"
118,Polish zloty
119,"1,500,00"
120,"Swiss Frank 1,149,195,101"
121,SIT 10
122,New Israeli Shekels
123,"2.470,65"
124,200 million CFA francs CFA
125,farthing
126,45s
127,"$1,500,00"
128,5.00
129,"$4,501,71"
130,"1,66 (one point sixty-six) ruble"
131,EURO : +28
132,Saudi riyals
133,"COL$20,000"
134,2.000.00
135,nuevos soles
136,US$ : -935
137,"1,000 Cuban pesos"
138,9.95
139,"1, 200,000"
140,500 million francs CFA
141,.6242 Deutsche Marks
142,105
143,"$ 90,001”"
144,5 MXP
145,'000 RUR
146,CA$ : +28
147,"55,029,000,00"
148,210 million
149,Dollars
150,Ringgit Malaysia One Million and Two Hundred Thousand
151,"£318, 8 shillings 5 pence"
152,cêntimos
153,"140,000 Polish Zloty"
154,NIS 750 million
155,"10,000 pesos argentinos"
156,"$27,400 2000 USD"
157,5-38 euros
158,shillings 10 pence
159,10D 000 ptas
160,NINETEEN BILLION SIX HUNDRED FORTY-THREE MILLION FOUR HUNDRED TWENTY THOUSAND THREE HUNDRED SEVENTY-SIX
161,trillion
162,75.7 billion
163,złotys
164,Rp144.64 trillion
165,BZ$
166,282.5 Belarusian roubles
167,"4,000 Moldovan lei"
168,3 million
169,Yen
170,"250,000."
171,"KZT4,050.0 m."
172,"GB￡15,000"
173,"1,025,03"
174,S
175,$22.72 Uruguayan pesos
176,1⁄12-penny
177,100'000 Swiss Franks
178,Sertam
179,BZ$25
180,D
181,E130 000
182,Guyanese $
183,40 venezolanos
184,30 000 000 drachmae
185,CN¥
186,E3 984 million
187,"E 43,664"
188,22p
189,millions
190,£1 6s 8d
191,"1,000 (pesos"
192,"1,010 Romanian Lei"
193,7 bln. 637 mln. 242 thousand
194,3 1
195,Polish zlotys
196,10½
197,1⁄20
198,1.80
199,NZ$ O.FJ
200,100 million Peruvian soles
201,21
202,BD Taka 270
203,"1 40,000"
204,Zł 225.00
205,pence
206,40& million German marks
207,59 million
208,"20,941,000,000"
209,"1,547,318 ,952 rubles 50 kopeks"
210,^
211,"170,000 ADT"
212,2 doppia
213,US$ : -71
214,28p
215,"$1,719,54"
216,"60,000 D-Mark"
217,12 francs 75
218,$______1.00
219,CNY : -7
220,960
221,$1.414.15
222,6 billion
223,"$2,292,50"
224,60 billion
225,$1 billion (2007 MXN
226,CN¥183.4 million
227,¥140mn
228,"1,949,811 Eastern Caribbean dollars (EC$)"
229,565 million Brazilian Reais
230,euros
231,Swedish Kronor
232,S$55
233,9300
234,"2,500"
235,One Norwegian speciedaler
236,6.3 million RM
237,458 million
238,"40,69"
239,Iranian tomans
240,"BZ$20,000"
241,"$2,763,40"
242,10 FIM
243,"300,000"
244,"123,000"
245,300
246,100 million CFA
247,75 million
248,"Fmk3,000"
249,+
250,50000
251,"123,456.00 сом"
252,"5, 000, 000"
253,100 scellini/shillings
254,"14, 000 billion Luxembourg francs"
255,$2.708.30
256,NINETEEN BILLION SIX HUNDRED FORTY-THREE MIT.I.TON FOUR HUNDRED TWENTY THOUSAND THREE HUNDRED SEVENTY-SIX PESOS 00/100
257,"15,6466"
258,"“$ 220,000” is changed to $220,001”"
259,one batzen
260,40.9450
261,$5 million (1992 USD
262,SGD 1 54
263,"49,40"
264,Q0.01
265,Guatemalan quetzal one cent
266,2.1 billion DM
267,970
268,1.9828
269,18
270,Malawian kwacha
271,3 1⁄2 libras
272,20 centavos de venezolano
273,"RUR 17,667 mn"
274,641
275,COL$ 1.4 trillion
276,"$1,884,75"
277,"30,515,000"
278,5 lepta
279,1⁄2 quadrans
280,265 million
281,"CFA 28,600,000"
282,"400,000"
283,ден.
284,"24,500"
285,"1,000 Chilean pesos"
286,"210,600 Uruguayan pesos"
287,2 carlini
288,27 billion Swedish kronor
289,CA$ : -15
290,3.5 emalangeni
291,17 million Swiss franks
292,"170,000"
293,80 bolognini
294,US$ : +
295,"Million yen 12,372"
296,500
297,€UR
298,"575,000"
299,500 million
300,"Italian lira 1956,39"
301,"500,000"
302,GD$400
303,DKR
304,0.55 Argentine pesos
305,francs CFP
306,Pesa
307,"Million yen 1,393"
308,US$ : -340
309,101 85
310,1⁄10
311,Kreuzer
312,Tanzanian shillings
313,00
314,S$8 billion
315,50c
316,9.999
317,119.26 Pacifique franc
318,500.000 Moldovan Lei
319,¥70mn
320,2 000 000 Italian lire
321,B$260 million
322,"10,000+ drachmae"
323,“Flori”
324,$2.200.00
325,2000
326,"122,000 CFA"
327,DM 70 billion
328,151.8
329,"100,000 drachmae"
330,"4,418 million"
331,1.7
332,"LL 30,515,000"
333,2.5 million Fmk
334,Danish rigsdaler
335,1 ducato
336,0.25
337,Br9290
338,210 million Brazilian reais
339,four million
340,100 million
341,"20,000 Chilean pesos"
342,"13,14 ECU (XEM)"
343,Stuivers
344,(yen) 14.00
345,one billion Luxembourg francs (LUF)
346,£106 19 shillings 10 pence
347,182
348,"1,949,811"
349,"$ 6,868,00"
350,15 CH
351,10 lire
352,CA$ : -2
353,"182 Grosz, 721 F."
354,£91 4 shillings 5¼ pence
355,TEUR 20
356,11.8 billion
357,COL$
358,standard Changsho
359,645 000 00 Tunisian Dinar
360,"29,1 billion"
361,273.5 Belarusian roubles
362,BYR 1.4 trn
363,$2.000.00
364,"1, 800 marks"
365,"109,711"
366,Br9300
367,Rupees 5/- (INR)
368,1.43 SF
369,"100,000 Polish zlotys"
370,398 18
371,650 francs CFA
372,one million
373,UCS$
374,"BZ$275,000"
375,12 billion
376,Latvian Lats
377,"170,3 million"
378,U.K. pound sterling
379,10 000 lire
380,"50,000 Mexican pesos"
381,15 billion
382,1.2 million Swedish Kronor
383,Br40
384,"340,750 Greek drachmae"
385,Br20
386,CNY :
387,shilingi
388,Dominican peso s
389,17
390,5.9 billion
391,roubles 80 copecks
392,"5,654,26"
393,GH₵70.3 million
394,16 million Chilean pesos
395,PESOS
396,"$l,666.66"
397,six Peruvian soles
398,"$22,000 Mexican pesos"
399,311 million D-Mark
400,CAN$ 362 million.
401,86 million DM
402,twenty one point fifty Chilean Pesos
403,13.1 €m
404,cbm
405,12.72 Frs
406,1 6
407,1.205.03
408,five hundred and fifty
409,one trillion (1012) old marks
410,4.500.00
411,new boliviano
412,3 million Belarusian roubles
413,Slovenian tolars
414,77
415,"100,000,000 kronen"
416,kopeks
417,1 billion 300 million Belarusian roubles
418,Slovene 10 cent euro
419,100 Italian lire
420,$1.332.30
421,1600
422,5 million USh
423,“gold money”
424,dirhem
425,five million hryvni
426,"1,182,38"
427,GBP l.
428,"MX$50,000"
429,"32,498,000"
430,"1,884,75"
431,Moldovan Leu
432,CFP
433,1 billion
434,"Fmk2,000"
435,.
436,10 коп.
437,250
438,96 155.80
439,"$2,375,00"
440,800 Ukrainian hryvnya
441,239 million
442,seventy million
443,"28,600,000"
444,CH
445,US: $
446,Danishkroner
447,"31,500 Polish zloty"
448,1.294.15
449,Iraqi dinars
450,"$5,747,63"
451,1 quan
452,1.5 Brazilian reais
453,shilling and sixpence
454,2000 Fr
455,NOK
456,15 Rupien
457,"20,941,000,000 Iranian Tomans"
458,P
459,180 million MF
460,TEUR
461,US$.
462,denari
463,$(18) Chilean pesos
464,130 000
465,175 CFA (African Francs)
466,"$34,000 2008 USD"
467,sceptres
468,"1,296,50"
469,4 scudos
470,1c
471,DM 1.5240
472,60 sapèques
473,160 million
474,325
475,NINETEEN BILLION SIX HUNDRED FORTY-THREE MILLION FOUR HUNDRED TWENTY THOUSAND THREE HUNDRED SEVENTY-SIX PESOS 00/100 M.N.
476,one markka payazzo
477,10s 6d
478,BFR
479,"UGX 42,667,136,493,22"
480,520 million New Israeli Shekels (NIS)
481,"3,781,875 Argentine pesos"
482,20c
483,carlini
484,CA$:
485,"27,-946,419.00 pesos"
486,zloty
487,cruzeiros reais
488,135 billion
489,TWENTY NINE THOUSAND NINE HUNDRED NINETY SIX AND 50/100
490,12.6bn
491,43.8650 Philippine pesos
492,franc
493,1826.4 million
494,$1.884.75
495,Six Hundred and forty thousand U.S dollars
496,"EP 86,000"
497,[cents]
498,300 thousand Belarusian roubles
499,Pacifique franc
500,8 million 2003
501,"UK Pound Sterling 62,060,000"
502,3 000
503,450 million
504,"12,250"
505,191 million
506,Italian Lira
507,Mio EUR
508,166 902
509,10 zecchini
510,one old penny
511,Br130
512,64
513,5.294.26
514,"18,421 million"
515,$(2)
516,2.07 Brazilian reais
517,Fmk 77 million
518,TH฿ 1
519,333 000 000
520,160 million Peruvian new soles
521,13.99
522,394.5
523,2.273.5 million
524,quadrans
525,1/4 dirhem
526,"5, 000, 000 Malaysian Ringgit"
527,10 000
528,2003
529,393.6 ¥bln
530,DH 9.56
531,pesos argentinos
532,$( 1)
533,"3,988"
534,"5,782,454,000"
535,Q
536,2.75 × 1018
537,pe
538,45 'DOO pesetas
539,IEP 80 000
540,92 million 2007
541,13.4259 Mexican pesos
542,"4,660"
543,one franc fifty
544,KR₩
545,shillings 10½ pence
546,1.8 million
547,"LL 4,500,000"
548,⁄
549,roubles
550,Turkish piastres
551,50 Krajcárs
552,"CFA 5,000"
553,"123,456.00 Lt"
554,55 million
555,"15,000"
556,(million JPY) 100
557,c£124
558,10 [cents]
559,"4,050.0 m."
560,"70, 878.48"
561,"(HKD thousand) 123,000"
562,Rls
563,"zł2,500"
564,11
565,"250,000 TL"
566,Fr. ?
567,"Million Yen 37,000"
568,DM
569,EURO : -5
570,CFAF 534
571,1 million
572,400 million Dominican peso s
573,"100, 000 Sri Lankan rupees"
574,VT
575,48
576,FIM 5.94573 ( Finnish markkas )
577,25.26
578,E3 329.6 million
579,Namibian-dollar
580,sapèques
581,4s 1.3d
582,ITL 58 million
583,GRD 1.5 million
584,MTL 5
585,23
586,1 billion
587,1.4 trillion
588,US$8 million 2003 USD
589,4 pe
590,$2.108.45
591,413 billion
592,"400,000 Dominican pesos"
593,"45,21840"
594,"2,000 Lebanese liras"
595,355 Deutschmarks (DM)
596,"Thousand USD 36,500"
597,6.5 million
598,11 846 505 680 (Eleven billions eight hundred forty six millions five hundred five thousand six hundred eighty) roubles 50 (fifty) copecks
599,259 Belarusian roubles
600,3/8 dirhem
601,"4,00.0"
602,"₱800,000 (Mexican)"
603,shillings 5¼ pence
604,LD 800
605,"4,501,71"
606,$ 1 ■520 ■08
607,"Chilean pesos 1,367 million"
608,"72,000 RM"
609,"3,000 “gold money” (franga an)"
610,2 orbs
611,"69,000 Polish zloty"
612,"73, 657,282 thousand"
613,"350,000 Portuguese escudos"
614,100
615,TEU
616,CL$
617,"475, 386 Moldovan Leu"
618,283
619,1.5 million
620,"100,000 złotys"
621,"980,000.00"
622,"11,467,602 Norwegian kroner (NKr)"
623,c£
624,10 modern British Pound Sterling
625,CL$23.65
626,LUF 40.3399 ( Luxembourg francs )
627,189.6 million quetzales
628,BF
629,New Zealand five-dollar
630,20 million Uganda shillings (USh)
631,8 350
632,1.2 million
633,GRD 0.5 million
634,5
635,240 billion CFA francs (CFAF)
636,50d
637,333 2
638,"24,375"
639,د.ل.
640,"$2,000 Colombian Pesos"
641,"75,000"
642,"4,121,71"
643,25 Polish Zloty
644,"109,477,926"
645,3.5 million
646,"647,50"
647,5-38
648,tiyn
649,STG.£
650,skar
651,$264.405.660 Chilean pesos
652,1000
653,"i9,643’420,376.00 (NINETEEN BILLION SIX HUNDRED FORTY-THREE MIT.I.TON FOUR HUNDRED TWENTY THOUSAND THREE HUNDRED SEVENTY-SIX PESOS 00/100 M.N.)"
654,"Bt 4,814,257,245"
655,129.1 billion
656,"Rs.376,74,00,000"
657,RF
658,34
659,"189,608"
660,"6,194,26"
661,"EP 30,000"
662,160 billion cbm
663,50 senti
664,"5,666,010,499"
665,9 600 lire
666,"228,357,000"
667,40.3399
668,pts
669,eight cornados
670,BYR 6.9 trn
671,Rs 200$000
672,"447,920"
673,10 Assēs
674,FmK
675,3 koruny
676,guilders
677,2 franc million
678,one billion
679,Br210
680,"5,000,000 old lei"
681,196.5 million Kuwaitis Dinars
682,ten cornados
683,250 11
684,penniä
685,151.8 Italian Lira
686,20 Assēs
687,"145, 000.00"
688,MXN: 13.08
689,900
690,"000,00"
691,"2,325 million"
692,green forint
693,86.7 million
694,"NKr 7,410,000"
695,2.108.45
696,Italian lira
697,one million ninety four thousand one hundred and thirty nine
698,"381,504.83 Cuban pesos"
699,13 563 828
700,six billion three hundred and eleven million nine hundred and ninety eight thousand nine hundred and sixty five
701,ducato
702,15 billion Romanian leu (ROL)
703,105 million
704,935
705,Danish daler
706,738
707,Thirty Two Thousand Nine Hundred Seventy Three Dollars and Cents
708,New Israel Shekels
709,23.65
710,9
711,one TEU
712,1.9828 Brazilian reais
713,Rs.600/-
714,KZT
715,300 million
716,4s 2d
717,Eight zloty 75
718,0.3 bn
719,"5,520,60"
720,"Italian lira 1948,15"
721,"2,900"
722,AU$25. 7
723,"MX$6,465'000,000 pesos"
724,1.43
725,Renminbi
726,2 sceptres
727,30 soldi
728,"454,000"
729,"IRL 52,80"
730,$750 00
731,one hundred Lebanese liras
732,2/3 dirhem
733,c£31
734,"2, 000"
735,THIRTEEN THOUSAND TWO HUNDRED AND THIRTY SIX AND CENTS FIFTY
736,"MX$250,000"
737,$8^79^20
738,"42,667,136,493,22"
739,Fr. ?2.44
740,markkaa
741,2s 6d
742,i
743,"16,000 New Israel Shekels (NIS)"
744,"1,507,995,00"
745,KES:11.9 billion
746,"70, 878.48 RUB"
747,"RMB 1, 200,000"
748,"222.374,48"
749,110 Argentine pesos
750,"” is changed to $220,001”"
751,31 billion
752,Halierov
753,Frs
754,"1,000 Soviet rubles"
755,one and a half billion euros
756,215 million
757,"1,367 million"
758,0 0
759,100 shilin/shillings
760,"Col$ 11,138,930,183"
761,12.72
762,"2, 960,000.00"
763,"£342, 5 shillings 10½ pence"
764,"4,50"
765,BUR 0.3 bn
766,721
767,50 new shilin
768,3 Slovak koruna (Ks)
769,د.ك.
770,Bosnian marka
771,"Million Yen 59,000"
772,"IRL: 3,20"
773,GF 413 billion
774,"4,200,000,000,000 Papiermark"
775,Fifteen
776,850
777,5'000 USD
778,EC$38.9 million
779,21.50
780,"EC$ 27,836.76"
781,1.8022
782,4 3
783,NIS
784,118.5 billion
785,"KR₩521,319,010"
786,"(TWD thousand) 1,154,588"
787,.08784 British pounds
788,823 BF
789,"300,000 złotys"
790,133 billion
791,$3.889.50
792,1.95
793,S$200
794,:
795,"1,000,000 Emirati dirham"
796,16000 pesos (1992 MXP)
797,"$l,680.00"
798,S$94
799,D-marks
800,"$3,150,75"
801,3.016.75
802,KR₩ 500 billion
803,"$30,424,59"
804,150.000
805,"1,002,38"
806,100 groszy (Gr)
807,"763,634"
808,"$19,643’420,376.00"
809,new leu
810,26 million
811,"4.000.000.000,00 (Four billion) roubles 00 copecks"
812,"590,000 million"
813,13
814,10 million
815,testone
816,"600,000"
817,"52,800 million"
818,Br60
819,$ 1.500.00
820,260
821,41.8500
822,43p
823,85 million 047.6 thousand. New Zealand dollars
824,Deutsche Mark 0 0
825,Danish Krone
826,fourteen thousand six hundred sixty seven
827,Five Hundred Thousand and No/100
828,3.50 zł
829,"B$7,000"
830,"GH₵ 30,000"
831,New Zealand cents
832,NZ$ O.FJ billion
833,397
834,2.200.00
835,(fourteen thousand six hundred sixty seven) roubles 83 copecks
836,¥ 2 3 75 0 00
837,2.75
838,tari
839,13.08
840,"$1,309,53"
841,"330,129,000"
842,"GD$24,000"
843,$10.000.00
844,Lfr
845,"4,319,050.00"
846,GF 374 billion
847,seven point seven billion New Taiwan Dollars
848,"376,74,00,000"
849,317
850,"$7,899,00"
851,s 8d
852,US$779+ million
853,Br271
854,HK.$
855,"kr 123,456.00"
856,565 million
857,91 4
858,FIFTY NINE THOUSAND NINE HUNDRED NINETY THREE AND 00/100 Dollars
859,Slovene 500 tolar
860,MTL 250
861,"Million yen 5,445"
862,"550,000 Swedish kronor"
863,DKr 4 million
864,zlotys
865,Sk
866,"40,000"
867,c£28
868,"16,000"
869,1.25 Argentine pesos
870,273.5
871,12 scudi
872,17.000.00
873,"350, 000 million"
874,106 19
875,0.429240
876,S$400
877,"43,664"
878,NKr 3 million
879,lwei
880,50000 cruzeiros reais
881,"222.374,48 €"
882,British pounds
883,"4,5 billion"
884,144.64 trillion
885,"1,309,53"
886,Uruguayan pesos
887,161 naira billion
888,lạng
889,CAN$
890,42
891,Mexican pesos
892,five
893,Deutsche Marks
894,One quan tiền quý
895,"75,227,500"
896,"Costa Rican 5,000 colón"
897,Renminbi Thirty Five Million Eight Hundred and Sixty Seven Thousand Eight Hundred and Fifty Seven Yuan
898,650
899,Libyan dinars
900,"7,65 Danishkroner"
901,7s 6d
902,"10,000 Dominican pesos (DOP)"
903,"1,010"
904,"4,000 franga ari"
905,210
906,5c
907,288
908,1000 lý
909,"2,76"
910,"EC$ 416,353.76"
911,Bt
912,"100,000 Swedish kronor"
913,"1,154,588"
914,113 million 2020
915,"5.000.000.000,00 (Five billion) roubles 00 copecks"
916,39s
917,Greek drachmae
918,GRD 135 billion
919,25 million Mexican pesos
920,eight
921,287.5 Belarusian roubles
922,EC$
923,281.5
924,"1,719,54"
925,"75,000 Danish dalers"
926,"100,000"
927,15s
928,"16,000.00"
929,bolívares fuertes
930,10.16 billion Argentine pesos
931,⁄20 of a lira
932,"Sk10,000,000"
933,"4,386 Flori"
934,EURO : -23
935,STD
936,■520 ■
937,£128 6 shillings 10 pence
938,£26 13s
939,"4,200,000,000,000"
940,340
941,16 asses
942,’
943,soldi
944,Nakfa
945,zł500
946,41.8500 Philippine pesos
947,42 million
948,$
949,IRL
950,1.794
951,£104.10.0 Fijian
952,"24,500 STD"
953,2.478.00
954,Rouble
955,"5,790,16"
956,"(RMB thousand) 94,300"
957,one Pacifique franc
958,"11,467,602"
959,DM 4.4 billion
960,2.87
961,"11,138,930,183"
962,"95,000"
963,new sheqalim
964,BZ$3.6 million
965,B$100 million
966,14 thousand Belarusian roubles
967,"USD: 4,50"
968,3.8
969,586 million
970,166 902 (one hundred sixty six thousand nine hundred and two) rubles and 56 kopeks
971,3665
972,MX$1.35 billion
973,926
974,"2, 500"
975,3.8 sheqalim
976,129.1 billion hryvnyas'
977,FF 87 million
978,MXN
979,144
980,groszy
981,RUB
982,500 shilin/shillings
983,bolívares
984,"$2^45,21840"
985,tael
986,16s
987,twelve denari
988,CL$21.50
989,31 million
990,hundred milliard [thousand million]
991,77 million
992,64 Pesa
993,IRL 1.800 million
994,5 коп.
995,600 Tanzanian shillings (Tshs)
996,FIM
997,"1,000,000,000,000"
998,U.K. pound sterling 1.8022
999,"18,000 koruny"
1000,UNITED STATES DOLLARS THIRTEEN THOUSAND TWO HUNDRED AND THIRTY SIX AND CENTS FIFTY
1001,"$4,771,88"
1002,Col$
1003,five hundred and fifty Colombian pesos
1004,CA$ :
1005,S$9.67
1006,"72,000"
1007,$3.360.00
1008,"170,427 million"
1009,226
1010,one D-mark
1011,10c
1012,9 billion
1013,35
1014,Q25
1015,"CAN.$20,100,000"
1016,"$1,294,15"
1017,1⁄2 libra
1018,s
1019,2 lire
1020,US dollars
1021,"Swiss Frank 1,133,301"
1022,S75.00
1023,200 million
1024,87 million Philippine pesos
1025,RWF
1026,680.00
1027,534
1028,"millions of yen 87,500"
1029,29
1030,Mickey Mouse pesos
1031,£1 10d
1032,quadrantes
1033,Russian ruble 26 thousan d
1034,Million British Pounds 13.5
1035,1.2
1036,70.3 million
1037,"427,000.00"
1038,22
1039,"94,000"
1040,"210,600"
1041,Gs
1042,54 Moldovan lei
1043,TZS:
1044,"~5,000 Armenian Dram"
1045,1.884.75
1046,"10,000 old lei"
1047,Seventy Five
1048,£2 and 10 shillings
1049,RSL
1050,"GH¢109,477,926"
1051,GH₵75.7 billion
1052,MXP
1053,"DKR 4,5 billion"
1054,"RMB2, 960,000.00 Yuan"
1055,38.9 million
1056,"AUD 750, 000"
1057,1 25
1058,(ninety six thousand hundred fifty five) roubles 80 copecks
1059,two million reales
1060,14
1061,Swedish kroner
1062,Solomon Island dollars
1063,"1, 1879"
1064,1 094 139
1065,100 LUF
1066,EC$40 million
1067,"CFA 50,000"
1068,BZ$43.16 million
1069,sixty five
1070,14 667.83 rbl.
1071,20 million
1072,654.4 million
1073,650.000 D-Mark
1074,UGX
1075,10 billion
1076,asses
1077,"£3, 3 shillings 8 pence"
1078,28 million
1079,17 million
1080,"300,000,00"
1081,seventy million Icelandic kronur
1082,11.3 billion
1083,1 zecchino
1084,new ruble
1085,1 testone
1086,1⁄2 Danish rigsdaler
1087,970 Cuban pesos
1088,FF 1 087 million
1089,One Million Two Hundred  Fifty  Thousand and No/100
1090,"2,244.2 million"
1091,Five billion
1092,"122,000"
1093,"31,500"
1094,"CAN$ 1, 1879"
1095,old penny
1096,DM 4.592 billion
1097,"1,133,301"
1098,"9,643"
1099,15
1100,S 72.54
1101,50 FIM
1102,ITL
1103,30
1104,Rp
1105,300 thousand
1106,"12,204 million"
1107,"800,000"
1108,"$2,713,40"
1109,69 million Philippine pesos
1110,S9.95
1111,TT$100
1112,129.3 billion
1113,12 denari
1114,2.2 billion
1115,60 million
1116,Kenya Shillings
1117,4 Mio EUR
1118,Icelandic kronur
1119,Six Dollar Fifty
1120,"3,600,000"
1121,0.20
1122,3s 4d
1123,13000 Belarusian roubles
1124,Six
1125,point
1126,960 Reis
1127,SGD 1 19
1128,"40,69 Luxcmbourg francs"
1129,"2,76Dutsh guilders"
1130,140mil.¥
1131,"kr800,000"
1132,5 franga ari
1133,"4,000"
1134,Spanish pesetas
1135,36 soldi
1136,43
1137,"2,375,00"
1138,one million francs CFA
1139,Kyrgyz som
1140,TDN
1141,sho
1142,RMB
1143,1000 shilin/shillings
1144,Fmk265 million
1145,"$1,808,99"
1146,"E£5,000"
1147,"Hr18,421 million"
1148,"40,000 zł"
1149,$1.000.00
1150,Malaysian Ringgit
1151,59.5
1152,"5,991 Romanian lei"
1153,£2 13 shillings 4 pence
1154,428 Cuban pesos
1155,Ptas.
1156,MM
1157,24
1158,"1,115.9 billion"
1159,281.5 Belarusian roubles
1160,€
1161,₡20 billion colónes
1162,US$ : +738
1163,75 million Mexican pesos
1164,Spanish colonial reales
1165,100 00
1166,Br288
1167,150 thousand
1168,Swedish kronor
1169,300 CFA
1170,500 million CFA
1171,9400 Belarusian roubles
1172,TUSD
1173,21s
1174,124
1175,"zł25,000,000"
1176,40.87
1177,Portuguese escudos
1178,soles
1179,22.52
1180,1.3
1181,DM1
1182,one point sixty-six
1183,"232,000 Moldovan lei"
1184,1 € Bn
1185,"475, 386"
1186,Hr
1187,Belarusian roubles
1188,2750
1189,Q30
1190,d.
1191,"600,000 Portuguese escudos"
1192,CNY : +6
1193,"7,410,000"
1194,DKR 47 million
1195,"11,448.83"
1196,one hundred and thirty Thousand
1197,"5,00,000"
1198,Gambian pound
1199,I 000 ECU
1200,4⁄7 Prussian thaler
1201,60 million
1202,GD$
1203,CFA 60 billion
1204,CNY : -6
1205,TWENTY NINE THOUSAND NINE HUNDRED NINETY SIX AND 50/100 Dollars
1206,12 1
1207,"STG.£2,600,000"
1208,BYR 2.5 trn
1209,50 million Romanian Lei
1210,362 million.
1211,Euro: -15
1212,"4,981,109,606 rub. 40 kop."
1213,"23,200 Romanian lei"
1214,US$ : -283
1215,libra
1216,.00855 Irish Punt
1217,FIFTY NINE THOUSAND NINE HUNDRED NINETY THREE AND 00/100
1218,"10,000 GBP [British Pounds]"
1219,1⁄100 of the Turkish lira
1220,1.002.38
1221,S$8.27
1222,2 billion
1223,Kuwaitis Dinars
1224,00 Polish zloty
1225,000
1226,43.8650
1227,259
1228,DKR 40 million
1229,&
1230,191 million Dominican pesos
1231,10 soldos
1232,"MX$226’286,772.oo"
1233,10 skar
1234,£3 6s 8d
1235,"5.000.000.000,00"
1236,.1976 Danish Krone
1237,shillings 5 pence
1238,⁄10 of a real branco
1239,IR£5
1240,paper mark
1241,"550,000"
1242,1 Cuban convertible peso
1243,284 million
1244,5 pennia
1245,3.05
1246,lý
1247,"5,582,156,502"
1248,paper marks
1249,billion
1250,old lei
1251,scudos
1252,1200
1253,RUR
1254,260 ptas
1255,"3,348.1 million"
1256,Colombian Pesos
1257,10 colones
1258,"23,400,000"
1259,Rupees
1260,tomans
1261,Italian lire
1262,Nkf
1263,"Million yen -2,632"
1264,50 million Swedish kronor
1265,one and a half million
1266,0.5 million CFP
1267,$ 101 85
1268,4.5 billion
1269,32 119
1270,7 bln. 637 mln. 242 thousand tenge
1271,30 828 774 000
1272,1 franc million
1273,IRL:
1274,CZK
1275,IEP 250 000 Irish Pounds
1276,163.6 mil.
1277,Antillean guilders
1278,1 new leu
1279,"14,178 million"
1280,35p
1281,20 Uruguayan pesos
1282,"2,900 franga ari"
1283,One Hundred Fourteen Thousand Eight Hundred
1284,Euro :
1285,two francs fifty
1286,EURO : +37
1287,one and a half thousand
1288,reales
1289,a single bitcoin
1290,"95,000 Swedish kronor"
1291,£960 16 shillings 6 pence
1292,$1 Cuban convertible peso
1293,CA$ : -24
1294,new Israeli shekels
1295,£231 14 shillings 4 pence
1296,"Thousand THB 1,950,000"
1297,75
1298,rin
1299,"2,325 million Peruvian soles"
1300,UNITED STATES DOLLARS THIRTEEN THOUSAND TWO HUNDRED AND THIRTY SIX AND CENTS
1301,"$ 1,476,00"
1302,0.5 million
1303,20 00
1304,900m
1305,338.8 million francs CFA
1306,2 3 75 0 00
1307,US$
1308,428
1309,"21,000 ptas"
1310,shillings 6 pence
1311,CHF 317'144'308
1312,three quattrini
1313,3.360.00
1314,Five Hundred Thousand and No/100 Dollars
1315,"340,750"
1316,a hundred drachmae
1317,"1,606,70"
1318,tumauns
1319,Billion
1320,francs CFA
1321,5.5 million
1322,NOK 1 '000
1323,"420,376.00"
1324,1 000
1325,"$5,654,26"
1326,Papiermark
1327,NKr
1328,grani
1329,Renminbi seven hundred sixty-three thousand and seven hundred sixty-two point five
1330,GB￡
1331,"Ch$1,172,293 million"
1332,1.296.50
1333,2.75 × 1018 (2.75 quintillion) of Brazil's original réis
1334,"HK.$2,500,000"
1335,senti
1336,"100,000.00"
1337,shiling
1338,5 peso fuerte
1339,lepta
1340,12.50
1341,"CFAF 1,115.9 billion"
1342,175
1343,CYP 5O
1344,"23,400,000 Argentine pesos"
1345,Irish Punt
1346,20 tari
1347,Euro: -43
1348,"CFA 307,000 million"
1349,1 700 000 Portuguese escudos
1350,"50,000"
1351,"4,246 million Argentine pesos"
1352,libras
1353,Colombian pesos
1354,Slovene 10 tolar
1355,US$: -64
1356,British-Indian Rupees
1357,1⁄3-farthing
1358,Tunisian Dinar
1359,cornados
1360,"123,456.00 ден."
1361,IR£
1362,"millions of yen 138,500"
1363,458 million quetzales
1364,$57 mn
1365,"(200,000,000) two hundred million Saudi riyals"
1366,seven billion
1367,10 Swedish kronor
1368,PTE 370 million
1369,d
1370,180
1371,Uruguayan Pesos
1372,Pak Rupees 3665
1373,"$1 40,000 Mexican pesos"
1374,520
1375,1 Malawian kwacha (MK)
1376,1.5240
1377,US$:
1378,8.6 U.S cents
1379,466 Cuban pesos
1380,10
1381,60.1 million
1382,5.40
1383,Swiss Frank
1384,1 billion 300 million
1385,140
1386,"12,250 Colombian Pesos"
1387,1⁄24.5 Cologne mark
1388,14 Uruguayan Pesos
1389,"500,000 maravedíes"
1390,"4,386"
1391,BFR 1 000
1392,Fifteen Sertam
1393,Four Thousand Eight Hundred and Sixty Two
1394,"10, 000 Dutch gulden"
1395,"7,6 billion"
1396,"GH₵32,498,000"
1397,thirty
1398,215 million Chilean pesos
1399,Bz $91.8 million
1400,Czechoslovak crowns
1401,franga ari
1402,72.54
1403,2 złote
1404,hundred
1405,NAƒ60 million
1406,"USD 13,236,50"
1407,2750 cruzeiros reais
1408,"5,060 Macedonian denars (Mden)"
1409,208 tenge 14 tiyn
1410,Zł
1411,"1,961 Billion"
1412,PTE 1 billion
1413,Peruvian soles
1414,thirty lepta
1415,300 billion
1416,quarter of a billion
1417,2.2 billion Portuguese escudos
1418,3.5 million Kc
1419,S$53
1420,239.640
1421,new shekels
1422,"₡3,000 (colones)"
1423,two Solomon Island dollars
1424,.€
1425,"$3,993,00"
1426,50 million
1427,⁄3-farthing
1428,"454,000 Czechoslovak crowns"
1429,"16,541 million"
1430,225.00
1431,Nkf 6
1432,"one thousand, five hundred, and seventy-one dollar and fifteen cent"
1433,D-Mark 5.54 billion
1434,"$100,000 Chilean pesos"
1435,penni payazzo
1436,SIT
1437,SDR
1438,one Tajik somoni
1439,"25,000,000"
1440,BD Taka
1441,BYR 11.8 trn
1442,"250,000"
1443,C 17
1444,quan
1445,3 million)
1446,"EP 20,000"
1447,BYR 0.8 trn
1448,"RUR 109,711 mn"
1449,£67 15 shillings and 11½ pence
1450,105 zecchini
1451,million
1452,BYR 5 trn
1453,Renminbi One Hundred Fourteen Thousand Eight Hundred and Seventy Five Yuan
1454,"7,736 million"
1455,Ringgit Malaysia Three Million Fifty Five            Thousand One Hundred Sixty Three and Cents Nine
1456,Assēs
1457,Cr$300 million (Brazilian cruzeiro)
1458,"26,294.96"
1459,200 million Bosnian marka
1460,India rupee
1461,CA$ : -66
1462,"10,011.66"
1463,1 094 139 (one million ninety four thousand one hundred and thirty nine) rubles 00 kopeks
1464,"Rbls 14,178 million"
1465,"4.640.000,00"
1466,one and a half thousand euros
1467,"P980,000.00"
1468,Br226.5
1469,"$( 1,733,506)"
1470,"$15,000 Chilean Pesos"
1471,8 million SP$
1472,"220,000"
1473,1/4
1474,MTL 0.429240 ( Maltese liri )
1475,"16,000,000"
1476,сом
1477,£
1478,DKr
1479,T$
1480,Soviet rubles
1481,Three Million Fifty Five            Thousand One Hundred Sixty Three
1482,31 million Ringgit Malaysia
1483,1.00
1484,$4.500.00
1485,"US: $189,608"
1486,LD
1487,"Eight Thousand Nine hundred Fifty Four dollars 8,954.00"
1488,"FmK 300,000"
1489,18 million
1490,10 billion Iranian Tomans
1491,"1,00,000"
1492,one thousand
1493,39.00
1494,$113 million 2020 USD
1495,531 billion Guinean francs (GF)
1496,Ks
1497,"2,448,39"
1498,20 MXN (Mexican pesos)
1499,"2,579"
1500,"25,000"
1501,US$ :
1502,1 million D-Mark
1503,"zł12,500,000"
1504,UKL
1505,zecchino
1506,DM 4.5 billion
1507,0.01
1508,Five hundred and ninety-eight thousand five hundred and sixty-six roubles 80 kopecks
1509,One Million Two Hundred  Fifty  Thousand and No/100  Dollars
1510,D-Mark
1511,4 million
1512,"214 million South Korean Won (""KRW"")"
1513,rbl.
1514,20 UTM
1515,31
1516,ESP
1517,"5,247 million Chilean pesos"
1518,TT$
1519,"NIS 2,634"
1520,Francs CFA
1521,95.00
1522,"Ptas. 7,736 million"
1523,LE641
1524,"$(256,460)"
1525,Romanian lei
1526,"Cr$4.640.000,00"
1527,old rubles
1528,"000,000"
1529,"NIS 10,000"
1530,1 tael
1531,Algerian dinars
1532,532.00 Chilean pesos
1533,"43,000"
1534,333 000 000 Greek drachmas (GRD)
1535,BUR
1536,DKR 110 million
1537,"3,434,654,000"
1538,126.200.000
1539,$ 126.200.000 Chilean pesos
1540,Guyanese $500
1541,British Pounds
1542,·
1543,.1976
1544,ECU
1545,100 Mickey Mouse pesos
1546,One Gambian pound
1547,"10,011.66 Cuban pesos"
1548,seven hundred sixty-two
1549,RO50 million
1550,"Thousand yen 2,464"
1551,Ringgit Malaysia 30 Million
1552,₤C
1553,50 drachmae
1554,"Rbls 16,541 million"
1555,£85 16 shillings 10 pence
1556,87.6 million
1557,10 million Uruguayan pesos
1558,$82 million 1988 USD
1559,shillings 4 pence
1560,Kyrgyz Som
1561,287.5
1562,SP$
1563,'144'
1564,N$
1565,282.5
1566,400
1567,⁄100 of the Turkish lira
1568,CA$ : -69
1569,"1,000 million Argentine pesos"
1570,emalangeni
1571,34s
1572,72
1573,"36,629"
1574,IEP
1575,.2198 Dutch Guilder
1576,Dollars and Cents
1577,79
1578,"4.000.000.000,00 (Four billion) roubles"
1579,one trillion
1580,four drachmae
1581,374 billion
1582,NIS 47 million
1583,"381,504.83"
1584,"2,100,00"
1585,scudi
1586,179 million
1587,ADT
1588,"428,673.50"
1589,2.7 billion
1590,"84,057 Colombian pesos"
1591,196.5 million
1592,złotych
1593,"B/. 123,456.00"
1594,GH¢15 million
1595,93.1 million Moldovan lei
1596,1 new boliviano
1597,214 million
1598,BYR 1.3 trn
1599,110 million
1600,Yuan Renminbi
1601,1 Fijian pound
1602,Tajik somoni
1603,"2,244.2 million Libyan dinars (LD)"
1604,Gursho
1605,(yen) 28.00
1606,15 million
1607,"one trillion (1,000,000,000,000) paper marks"
1608,"123,456.00 د.ك."
1609,1.2 sextillion
1610,$325:00
1611,1000 cruzeiros
1612,Br190
1613,orbs
1614,26 Cuban pesos
1615,72 soldi
1616,"VT 36,629"
1617,ESP 13 563 828
1618,"200,000,000"
1619,1 19
1620,"250,000 USh"
1621,Br 10 850
1622,104.10.0
1623,CFA francs
1624,3/8
1625,"$1.294,15"
1626,6 billion Swedish kronor
1627,penny
1628,Euro: -9
1629,"shillings,"
1630,MX$
1631,20 Taiwanese Dollar (TWD)
1632,batzen
1633,Chilean pesos
1634,$1.002.38
1635,"2,750 cruzeiros reais"
1636,COL$1.5 trillion
1637,shillings and 11½ pence
1638,*
1639,3.05 franga ari
1640,Nine
1641,"4,981,109,606"
1642,29s
1643,1 087 million
1644,seven hundred sixty-three thousand
1645,Fijian pound
1646,BFR 180
1647,1.8 billion
1648,31 million Cape Verde escudos
1649,$5.5 million Canadian
1650,240 Grani
1651,"69,000"
1652,"GH₵ 200,000"
1653,"131,421"
1654,3 million
1655,"400,000 Romanian lei"
1656,$120 00
1657,Br 8 460
1658,520 million
1659,284 million Mexican pesos
1660,Brazilian reais 239 million
1661,87
1662,9.67
1663,71
1664,"'000,000 pesos"
1665,"1,750"
1666,"1,010 Romanian lei"
1667,"16,000.00 Cuban pesos"
1668,Luxcmbourg francs
1669,"1,205,03"
1670,five million
1671,45
1672,1.500.00
1673,2 13
1674,"350,000"
1675,Seven Hundred Fifty Thousand and No/100  Dollars
1676,one third of a farthing
1677,231 14
1678,A$118.5 billion *AUD
1679,"$1,606,70"
1680,"270,000,000"
1681,15.75
1682,two million
1683,"Rs. 100, 000/- (Sri Lankan Rupees)"
1684,"VT 20,078 vatu"
1685,US$: -67
1686,"2,000"
1687,"4,319,050.00 Cuban Pesos"
1688,28.1 million
1689,$9 Cuban Convertible pesos
1690,"5,747,63"
1691,1 quan tiền gián
1692,130
1693,one shilling and sixpence
1694,BYR 1.7 trn
1695,900 Cape Verde escudos
1696,"14, 000 billion"
1697,Seventy Thousand Emalangeni
1698,60 billion cbm
1699,20 thousand Belarusian roubles
1700,Kazakhsta n Tenge
1701,Flori
1702,$5^000
1703,Seven Hundred Fifty Thousand and No/100 Dollars
1704,"2,750"
1705,shillings 8 pence
1706,9.11 million 2020
1707,"S25,000.00"
1708,1 10
1709,"7,202.13 Cuban pesos"
1710,54.8 (Billion yen)
1711,220 million quetzales
1712,Rs
1713,59 million Philippine pesos
1714,"0,5 (zero point five) roubles"
1715,Euro: -2
1716,87 million
1717,7.94 billion
1718,54
1719,"$1.884,75"
1720,"$1,296,50"
1721,9 600
1722,"BD 200,000"
1723,Luxembourg francs
1724,"27,836.76"
1725,5 tomans
1726,50 penni payazzo
1727,Col$300 billion
1728,scellini/shillings
1729,22.52 Uruguayan pesos
1730,960 16
1731,EUR 1.794 milllion
1732,"200,000 Algerian dinars (DA)"
1733,"20,100,000"
1734,"232,000"
1735,cruzeiros
1736,20 pe
1737,one and a half million Iraqi dinars
1738,Brazilian Reais
1739,"$1 ,OOO,OOO"
1740,"14, 800.00"
1741,Romanian Lei
1742,13 1⁄3 pesos
1743,Ptas
1744,BFR 3 000
1745,"$70,000 Mexican pesos"
1746,159 Chilean pesos
1747,54.8
1748,"307,000 million"
1749,$5.294.26
1750,MTL
1751,Dutch gulden 25 cents
1752,2.44
1753,454
1754,US
1755,"84,057"
1756,12
1757,rubles
1758,¥67mn
1759,80
1760,"Gs 123,456.00"
1761,"COP 5,775,000, 000.00"
1762,267
1763,MXN:
1764,6 000 000 Kc
1765,+ drachmae
1766,27
1767,240
1768,"ECU 2, 500"
1769,$25.26 Uruguayan pesos
1770,8.27
1771,70
1772,"6,868,00"
1773,"LD 17,620.2 million"
1774,Rbls
1775,CA$ : -4
1776,dollar
1777,5.54 billion
1778,Sri Lankan 5 rupee
1779,"100,000,000"
1780,Cuban pesos
1781,CAN.$
1782,$  .006
1783,SIT 239.640 ( Slovenian tolar )
1784,50 old pence
1785,South Korean Won
1786,3.889.50
1787,10 Lfr
1788,"1,250"
1789,5 baiocchi
1790,"25,000 Belize dollars (BZ$)"
1791,gold marks
1792,"$2,110,05"
1793,.​12 1⁄
1794,129 millions
1795,4s 4d
1796,500 m.
1797,"80,000"
1798,"436,845.85 Cuban pesos"
1799,5.94573
1800,48p
1801,"M.$350,000"
1802,NIS 10 million
1803,fifty
1804,"150,000"
1805,CZK 500 m.
1806,South African cents
1807,"S30,000 US"
1808,"$131,421 Argentine pesos"
1809,"200,000"
1810,250 000
1811,1.80 Argentine pesos
1812,"18,000"
1813,20.01 DEM
1814,"BZ$575,000"
1815,1.6 billion emalangeni
1816,Krajcárs
1817,0.20 Latvian Lats (LVL)
1818,"21,000"
1819,"1,476,00"
1820,60
1821,Slovakian Krone
1822,THB
1823,S$4.1 million
1824,one thousand duros
1825,Q20
1826,Renminbi two hundred fifty-four thousand five hundred eighty-seven point five
1827,1⁄2-
1828,"1,172,293 million"
1829,4.4 billion
1830,20.000
1831,M.N.
1832,1 52.79 mln RUR
1833,SIT 100
1834,"Philippine Pesos 100,000.00"
1835,Gh₵
1836,20 penni payazzo
1837,twelve
1838,100 D-marks
1839,Sw.fr.
1840,"42,000 ptas"
1841,Slovak koruna
1842,"13,960,483,873 Rwandan francs (RF)"
1843,Kenya Shillings 95 million
1844,110
1845,"12,500,000"
1846,fifteen thousand
1847,"US$428,673.50 c."
1848,"(thousand HKD) 123,000"
1849,Moldovan Lei
1850,19 Cypriot pounds (₤C)
1851,650.000
1852,121
1853,190
1854,CFAF
1855,"1,000 LUF"
1856,13 1
1857,108
1858,50
1859,Pak Rupees
1860,"LL 330,129,000"
1861,N
1862,18b.
1863,pesos
1864,E£
1865,"Rupees 5,00,000"
1866,5.9 billion Philippine pesos
1867,$20 00
1868,"zł17,500,000"
1869,"29,1 billion Cr$"
1870,"$4,121,71"
1871,1⁄20 of a lira
1872,16.56 million
1873,183.4 million
1874,"4,660 Argentine pesos"
1875,2.5
1876,NIS 60.1 million
1877,"Thousand USD 35,000"
1878,new markka
1879,NIS 42 million
1880,225 million Cape Verde escudos
1881,₤
1882,USh
1883,N$50
1884,Greek drachmas
1885,200 million zlotys
1886,Romanian leu
1887,sixteen thousand one hundred
1888,"1, 000, 000"
1889,BD
1890,Rs.10/-
1891,"2,900 “Flori”"
1892,3 6
1893,two hundred fifty-four thousand five hundred eighty-seven
1894,31 SIT
1895,bolognini
1896,1 new ruble
1897,"6,070,000 Polish zloty"
1898,lire
1899,CFA 30
1900,250 FRW
1901,"2,713,40"
1902,SGD 1 25
1903,35 million 2008
1904,"$24*45,21840"
1905,2 lepta
1906,"Gh₵3,600,000"
1907,koruny
1908,42mil.¥
1909,1.800 million
1910,S$7.94 billion
1911,22.72
1912,fifteen
1913,"500,000 Colombian pesos"
1914,"66,2 million"
1915,600
1916,"4,771,88"
1917,19 million
1918,9.56
1919,Zero
1920,40
1921,"BZ$250,000"
1922,4 Belarusian roubles
1923,"10,000,000 francs CFA"
1924,GD$4000
1925,13000
1926,twenty three point sixty five Chilean Pesos
1927,MXN (110)MM
1928,milliemes
1929,"75,000 Swedish kronor"
1930,"25,000.00"
1931,DM900m
1932,38.7 million Polish zloty
1933,5.882.50
1934,KES:
1935,RUR454 mn
1936,D-mark
1937,DEM
1938,12 qiran 10 shahi
1939,EURO : -25
1940,'
1941,Swedish Kronor 105 million
1942,¥
1943,seven
1944,"1.884,75"
1945,CA$ : +
1946,20 Stuivers
1947,2007
1948,Three hundred seventy six crores Seventy four lacs
1949,qirsh
1950,TH B120 billion
1951,"$l,"
1952,JPY 300 mn
1953,120 00
1954,3 paise
1955,"1,808,99"
1956,4000
1957,4 quadrantes
1958,Lebanese liras
1959,NIS 40 million
1960,1.35 billion
1961,paise
1962,"PTE 7,6 billion escudos"
1963,100 penns
1964,2.708.30
1965,AZN
1966,"318, 8"
1967,38.7 million
1968,"2,634"
1969,11 billion Francs CFA
1970,old pence
1971,Rs.
1972,"500,000 Swedish kronor"
1973,Shillings
1974,"1948,15"
1975,"4.000.000.000,00"
1976,Rupees 50/- (INR)
1977,doppia
1978,Four billion
1979,"$1,182,38"
1980,175 000
1981,6.9
1982,"926, 021,679"
1983,13 billion-Namibian-dollar
1984,"5,000"
1985,Macedonian denars
1986,1 lạng
1987,"$300'000,000 dollars"
1988,"30,000 bolívares fuertes"
1989,six billion three hundred and eleven million nine hundred and ninety eight thousand nine hundred and sixty five rubles 00 copecks
1990,FF 2 billion
1991,GBP l.77
1992,RO 1826.4 million
1993,16000
1994,18 British pence
1995,58 Million
1996,$100 00
1997,kopecks
1998,SIT 20
1999,30 Million
2000,"KZT55,029,000,00"
2001,16 million
2002,copecks
2003,Fr. ?1.33
2004,"one thousand, five hundred, and seventy-one"
2005,USD
2006,Bz $1.8 million
2007,Five hundred and ninety-eight thousand five hundred and sixty-six
2008,>
2009,1-trillion
2010,S$1000
2011,Turkish lire
2012,3 984 million
2013,271
2014,USD:
2015,Eastern Caribbean dollars
2016,70 million (SEK)
2017,KES:142 billion
2018,"13,14"
2019,5¼
2020,$5.882.50
2021,p
2022,a hundred milliard [thousand million] gold marks
2023,1 DM
2024,CHF 163.6 mil.
2025,Brazilian reais 28.1 million
2026,1.25
2027,Cr$ 11.8 billion
2028,N$200 Namibian dollar
2029,"BDT 1,00,000"
2030,3
2031,$.13
2032,GH¢
2033,"2,453,60"
2034,"16,000,000 Romanian lei"
2035,1.4 billion
2036,S$500
2037,20 FIM
2038,eleven groszy
2039,100 Slovakian Krone
2040,200
2041,tree shilling
2042,645 000 00
2043,1⁄4 Norwegian speciedaler
2044,centavos de venezolano
2045,US$: -270
2046,"123,456.00 zł"
2047,119.26
2048,Central African francs
2049,1.25 million
2050,5 million
2051,1.96 Brazilian reais
2052,10 new sheqalim
2053,850 Mexican pesos
2054,1.33
2055,3.50
2056,2​1⁄2 marks
2057,GH₵34.9 billion
2058,N$ 400 million Namibian dollars
2059,Br 8 350
2060,100 lwei
2061,20 billion
2062,26 13
2063,50.000 Nakfa (Eritrean currency)
2064,"10,000"
2065,32 119 RSL
2066,65 million Turkish lire
2067,"24,300 Yuan Renminbi (""RMB"")"
2068,Cape Verdean escudos
2069,dinheiros
2070,¥32mn
2071,Ukrainian hryvnya
2072,pennia
2073,1.3 billion
2074,S$720
2075,0.8
2076,"UKL 49,40"
2077,a million and a half dollars
2078,"Million Yen 1,910,000"
2079,Bt 1
2080,"KZT 73, 657,282 thousand"
2081,kronen
2082,Cologne mark
2083,"Ls 123,456.00"
2084,1000 milliemes
2085,840
2086,"4,00.0 reichsmarks"
2087,82 million 1988
2088,Peruvian new soles
2089,430.2 ¥bln
2090,"342, 5"
2091,.2198
2092,0.6 € Bn
2093,"EC$ 763,634"
2094,0
2095,Thirty Two Thousand Nine Hundred Seventy Three
2096,5 bolívares
2097,two and a half
2098,two hundred million
2099,"123,456.00"
2100,"10,000,000"
2101,19 shillings 10 d.
2102,Br110
2103,FF 1
2104,Br10
2105,4s
2106,hryvni
2107,a quarter of a billion D-marks
2108,1 doppia
2109,"LL 228,357,000"
2110,Kazakhstan Tenge 150 thousand
2111,58 million
2112,"5,991"
2113,.6242
2114,s 4d sterling
2115,U.S dollars
2116,"9,200 million"
2117,"7,300"
2118,532.00
2119,CNY : +
2120,"2,100,05"
2121,twenty three
2122,MX$95.00
2123,one
2124,20 million CFA francs (CFAF)
2125,50 lwei
2126,2
2127,8s 4d
2128,50 million
2129,"millions of yen 1,358,500"
2130,400 000 000
2131,Philippine pesos
2132,CYP
2133,800 franga ari
2134,"zł1,750"
2135,12 billion CFA
2136,£398 18 shillings
2137,50000 Moldovan lei
2138,CNY : +7
2139,96 155.80 rbl.
2140,$5.654.26
2141,40 million
2142,135
2143,hryvnyas'
2144,1.96
2145,70 million
2146,LTL
2147,Chilean Pesos
2148,FF 42 million
2149,3 329.6 million
2150,FF 2.273.5 million
2151,złote
2152,two soldi
2153,£250 11 shillings 11 pence
2154,"350, 000"
2155,old marks
2156,"1,276 million"
2157,85 16
2158,Dutsh guilders
2159,"3,988 Flori"
2160,270
2161,seventy^two dollars
2162,0.25 Norwegian speciedaler
2163,609.8
2164,seven billion Central African francs
2165,S$1
2166,"$2,100,05"
2167,UG$3 million shillings
2168,"17,667"
2169,"67,400 RM"
2170,tenge
2171,290
2172,"12,302"
2173,37
2174,shahi
2175,"CR$ 2.750,00"
2176,"15,000.€"
2177,450 Million
2178,c
2179,3- 23
2180,"275,000"
2181,264.405.660
2182,28 thousand
2183,"7,65"
2184,22.7 billion
2185,"17,500,000"
2186,"34,000 2008"
2187,2 000 000
2188,TEUR 74
2189,"75,227,500 pts"
2190,TL
2191,338.8 million
2192,new shilin
2193,5.85 billion
2194,Czechoslovak koruna
2195,13 563 828 Spanish pesetas (ESP)
2196,"TZS:1,768+ trillion"
2197,"Millions of yen 7,400"
2198,7 million Philippine pesos
2199,eleven
2200,159
2201,"DM 158,000"
2202,666.66
2203,qiran
2204,dollar 0.38 of a cent
2205,"185,000 million Colombian pesos"
2206,Cr$
2207,COP
2208,TUSD 315
2209,26.51
2210,97.5 million new Israeli shekels (NIS)
2211,"zł5,000,000"
2212,50 baiocchi
2213,c£30
2214,240 grani
2215,11½
2216,U.S cents
2217,"3,781,875"
2218,"147,125 million"
2219,6⅔ tangka
2220,Thirty billion eight hundred and twenty eight million seven hundred seventy four thousand
2221,DH12.6bn
2222,220 million
2223,67
2224,28 million Dominican Pesos
2225,69 million
2226,25. 7
2227,267 Uzbek tiyin
2228,"7,899,00"
2229,Argentine pesos
2230,"1,768"
2231,160 billion
2232,Moldovan lei
2233,CND 58 Million
2234,CFAF 129.3 billion
2235,66
2236,5.85 billion Philippine pesos
2237,175 000 zł
2238,Tshs
2239,"1,66"
2240,× 1018 (2.75 quintillion) of Brazil's original réis
2241,Six Hundred and forty thousand
2242,"220,001"
2243,"MX$ 4,418 million"
2244,EURO :
2245,roubles 83 copecks
2246,4.592 billion
2247,British pence
2248,¥35mn
2249,a billion zlotys
2250,30 MXP
2251,RUR600 mn
2252,315
2253,"3,300"
2254,TZS:29.97 trillion
2255,25 million
2256,1.63 billion
2257,2.100.00
2258,KZT394.5 th
2259,$609.8 Chilean pesos
2260,"COL$147,125 million"
2261,Php
2262,RO10 million
2263,Fmk
2264,"1, 800"
2265,EP
2266,65 million
2267,8 Spanish colonial reales
2268,10 850
2269,zł 5.40
2270,32 New Zealand cents
2271,UCS$1.63 billion
2272,13 160 700 000
2273,"30,000"
2274,"RUR 4,129  mn"
2275,510.000.00
2276,"150,000 Polish zloty"
2277,MX$39.00
2278,RS.
2279,$3 468 mn
2280,29.97 trillion
2281,"$2,470,65"
2282,₤0.​12 1⁄2
2283,CNY : -1
2284,25 tomans
2285,"185,000 million"
2286,FRW
2287,3.5
2288,27 billion
2289,8 reales
2290,111 billion Chilean pesos
2291,NIS 179 million
2292,"256,460"
2293,$35 million 2008 USD
2294,1.414.15
2295,one hundred and thirty Thousand Emalangeni
2296,as
2297,TUSD 5
2298,RWF 1187 mil­lion
2299,New Zealand dollars
2300,"158,000"
2301,"EP 43,000"
2302,Deutsche Mark
2303,SF
2304,sixty three
2305,"VT 6,923"
2306,Sw.fr. 12.50
2307,75.00
2308,1187 mil­lion
2309,1564 billion tomans
2310,​1⁄3-farthing
2311,Lm
2312,zł
2313,310
2314,180 Turkish piastres
2315,"70,000"
2316,Norwegian kroner
2317,95 million
2318,"(thousand RMB) 94,300"
2319,ninety six thousand hundred fifty five
2320,"42,000"
2321,118 francs CFP
2322,"350,000 Chilean pesos"
2323,1⁄2
2324,39
2325,ITL 9.999'
2326,"19,643"
2327,ten
2328,2c
2329,11 billion
2330,Br 50
2331,2.5 million
2332,"Hr170,427 million"
2333,91.8 million
2334,1012
2335,Iranian Tomans
2336,"3,000"
2337,"2,588,30"
2338,42 Pounds 17 Shillings 6 Pence
2339,"100, 000"
2340,1 SDR
2341,60 million Dominican pesos
2342,"RF 5,582,156,502"
2343,Eleven billions eight hundred forty six millions five hundred five thousand six hundred eighty
2344,one Flori
2345,CFA francs CFA
2346,28 thousand Belarusian roubles
2347,Belize dollars
2348,11.9 billion
2349,"1,547,318 ,952"
2350,thousand
2351,"22,000"
2352,MXN (108)MM
2353,Six denari
2354,12 baiocchi
2355,6s 8d
2356,"Rls 1,961 Billion"
2357,"90,001"
2358,CND
2359,Guinean francs
2360,600 million shilingi (Tanzanian shilling)
2361,14 667.83
2362,Fr
2363,"140,000"
2364,16 Dominican pesos
2365,NAƒ
2366,2d
2367,"1956,39"
2368,15 million Swedish kronor
2369,226.5
2370,.08784
2371,trangka
2372,1.000.00
2373,million and a half
2374,47 million
2375,26.51 Mexican pesos
2376,"12,204 million Moldovan lei"
2377,1 peso fuerte
2378,10 million
2379,$1.294.15
2380,34.9 billion
2381,"15,000 green forint"
2382,quetzales
2383,1600 Polish zloty
2384,Cr$ 11.3 billion
2385,4
2386,"’286,772.oo"
2387,1.4
2388,1 shiling
2389,133 billion Swiss franks
2390,32
2391,Uganda shillings
2392,FmK 1 million
2393,"1,347"
2394,"S$600,000"
2395,"1,000,000"
2396,823
2397,"123,456.00 د.ل."
2398,"$1,414,15"
2399,355
2400,4.1 million
2401,"2,292,50"
2402,MTL 2
2403,Rs 100$000
2404,25
2405,10.16 billion
2406,UTM
2407,one LTL
2408,245.41 trillion
2409,7 soldos
2410,"17,620.2 million"
2411,250 tomans
2412,40 million Swedish kroner
2413,"CFA 500,000"
2414,24.5
2415,$86.7 million pesos
2416,single bitcoin
2417,"1, 6"
2418,"30,000 Iranian tomans"
2419,Sri Lankan rupees
2420,CR$
2421,'DOO pesetas
2422,"18,000 Kyrgyz Som"
2423,GRD
2424,$1.95 CDN
2425,two
2426,189.6 million
2427,93.1 million
2428,43.16 million
2429,one standard Changsho
2430,Ringgit Malaysia
2431,$1.296.50
2432,venezolanos
2433,Kazakhstan Tenge
2434,₤C 17
2435,P450 Million
2436,£333 2 shillings 10 pence
2437,Philippine Pesos
2438,40.87 Philippine pesos
2439,"24,000"
2440,9 zł
2441,AUD
2442,7000 billion tomans
2443,Euro:
2444,"2,500,000"
2445,"2,470,65"
2446,04
2447,"24,300"
2448,5.654.26
2449,6 000
2450,3 francs 50
2451,"$1,840,20"
2452,"1，000,000 Singapore dollars"
2453,one and a half billion
2454,5 venezolanos
2455,"seven thousand, six hundred seventy^two dollars"
2456,779
2457,SIT 50
2458,2 [cents]
2459,56
2460,modern British Pound Sterling
2461,$16 U S
2462,"'000,000 dollars"
2463,"86,000"
2464,"376,74,00,000 (Rupees Three hundred seventy six crores Seventy four lacs)"
2465,6 000 000
2466,CFA 200 million
2467,500.000
2468,kr
2469,28.00
2470,"2,255mil.¥"
2471,"3,993,00"
2472,50.000
2473,Dollar
2474,"1,000"
2475,"zł15,000"
2476,Brazilian reais
2477,one Reichmark
2478,$______
2479,400 000 000 Greek drachmae
2480,750 million
2481,2.45
2482,100 qirsh
2483,6 221 mln.
2484,penns
2485,UK Pound Sterling
2486,750 00
2487,240 billion
2488,"2,064,75"
2489,Cuban convertible peso
2490,New Taiwan Dollars
2491,10 South African cents
2492,"7,300 BF"
2493,141 Rouble billion
2494,"LL 3,434,654,000"
2495,"$2,453,60"
2496,16 million Polish zlotys
2497,"5,782,454,000 Saudi riyals (SRIs)"
2498,Prussian thaler
2499,2.1 billion
2500,"$80,000 Mexican pesos"
2501,BDT
2502,18 million francs CFA
2503,DH
2504,zecchini
2505,168
2506,Reis
2507,Br290
2508,"Col$ 9,200 million"
2509,87 cents in U.S. dollars
2510,18 million Mexican pesos
2511,83
2512,840 dinheiros
2513,50 Czechoslovak koruna (Kčs)
2514,111 billion
2515,EC$3 million
2516,"1,000,000 old rubles"
2517,Kazakhsta n Tenge 150 thousand
2518,$1.205.03
2519,NIS 26 million
2520,Thirty Five Million Eight Hundred and Sixty Seven Thousand Eight Hundred and Fifty Seven
2521,1 billion zlotys
2522,"26,294.96 Cuban pesos"
2523,"10,000 Soviet rubles"
2524,69
2525,3 468
2526,"pounds sterling,"
2527,CNY : -2
2528,One
2529,17 million Finnish markka (mk)
2530,"30,000 New Israel Shekels (NIS)"
2531,7.7 million
2532,"5,775,000, 000.00"
2533,Dutch gulden
2534,CFAF 926
2535,"$300,000,00"
2536,$1.5US millions
2537,"3,20"
2538,N1.3 billion
2539,1 Gursho
2540,8 million
2541,1.6 billion
2542,₡
2543,250 00
2544,TH
2545,700 million quetzales
2546,100 Polish zlotys (PLN)
2547,7
2548,20.000 Uruguayan pesos
2549,19
2550,"3,150,75"
2551,Kc
2552,1.6 billion Swedish kronor
2553,6.5 million złotys
2554,CHF
2555,"1,414,15"
2556,"94,300"
2557,"1937,86"
2558,Cypriot pounds
2559,"750, 000"
2560,19·9 billion Bangladeshi taka
2561,$2.470.65
2562,Grani
2563,Br 16 million
2564,sewas
2565,Emalangeni
2566,26
2567,225 million
2568,"6,465"
2569,196
2570,25 million francs CFA
2571,USD 100 mn
2572,Swiss Franks
2573,"RUR 24,375 mn"
2574,Estonian kroonid
2575,24 sewas
2576,"$2,588,30"
2577,US$250 00
2578,25 TDN
2579,"0,5"
2580,60p
2581,"2.750,00"
2582,1-rin
2583,Dominican Pesos
2584,150.000 Ptas
2585,CA$ : +42
2586,second cedi
2587,"$2,448,39"
2588,720
2589,Uzbek tiyin
2590,"67,400"
2591,naira
2592,7000 billion
2593,"60,000"
2594,Bz $
2595,"$2.470,65"
2596,reichsmarks
2597,S$
2598,shilings
2599,10.000.00
2600,two new sheqalim
2601,Reichmark
2602,$1.500.00
2603,third of a farthing
2604,4.7 billion
2605,₱
2606,zero point five
2607,129 millions nuevos soles
2608,100 cêntimos
2609,"4,814,257,245"
2610,C
2611,dollars
2612,，
2613,"590,000 million Colombian pesos"
2614,2 qirsh
2615,"10,174"
2616,86 million
2617,AU$
2618,120
2619,36
2620,"2,763,40"
2621,10 sho
2622,$86.7 million pesos (2003 MXN
2623,Rupien
2624,37.000.000
2625,quan tiền gián
2626,"10,174 Romanian lei"
2627,francs
2628,1.5
2629,580 million Peruvian soles
2630,"7,202.13"
2631,soldos
2632,"$5,790,16"
2633,700 million
2634,"$5,520,60"
2635,"6,923"
2636,"170,3 million francs CFA"
2637,10 CH
2638,16.6 €m
2639,"$1 >000,00"
2640,60 Kreuzer
2641,KZT 1 trln
2642,97.5 million
2643,TH฿
2644,one new markka
2645,2/3
2646,5​5⁄7 Swiss francs
2647,1/3
2648,F.
2649,"150,000 Argentine pesos"
2650,S$25
2651,5p
2652,"30,424,59"
2653,one hundred and twenty one
2654,One Million and Two Hundred Thousand
2655,$ 2.478.00
2656,"4,500,000"
2657,Br70
2658,"200,000 emalangeni"
2659,1-trillion paper mark
2660,"BZ$300,000"
2661,.00855
2662,500 billion
2663,Norwegian speciedaler
2664,CA$: -27
2665,22.7 billion Philippine pesos
2666,"5,000 cfs"
2667,13 billion
2668,121 (one hundred and twenty one) ruble 82 kopeks
2669,11 846 505 680
2670,"1,294,15"
2671,9400
2672,1 trangka
2673,"5,060"
2674,1 52.79 mln
2675,"92,799"
2676,"4,129"
2677,S$13.99
2678,one hundred sixty six thousand nine hundred and two
2679,"123,456.00 ل.ل."
2680,$17.000.00
2681,"50,000 Lm"
2682,$9.11 million 2020 USD
2683,"$2,064,75"
2684,120 dinheiros
2685,sextillion
2686,maravedíes
2687,"1,000,000 Emirati Dirham"
2688,"LD 3,348.1 million"
2689,Finnish markka
2690,1 million francs CFA
2691,duros
2692,Lt
2693,94
2694,Seventy Thousand
2695,Br287.5
2696,"10, 000"
2697,two and a half million
2698,Brazilian reais 7.7 million
2699,"521,319,010"
2700,10 penniä
2701,B120 billion
2702,Soviet ruble
2703,"1, 000, 000 Polish zlotys"
2704,"10,000 ptas"
2705,"1,276 million Argentine pesos"
2706,BYR 2 trn
2707,"5,000 LUF"
2708,$3.016.75
2709,"COL$ 5,000,000"
2710,Belgian francs
2711,15 skar
2712,50 Halierov
2713,"208,996.21"
2714,13.4259
2715,2.07
2716,500 Slovenian tolars (SIT)
2717,PTE
2718,0.38
2719,BYR 4 trn
2720,RMB 30 Millon
2721,one Soviet ruble
2722,4 Swiss livres
2723,DEM 4.99
2724,4.99
2725,14.00
2726,1200 Romanian lei
2727,"27,400 2000"
2728,1
2729,Emalangeni 654.4 million
2730,53
2731,20 paise
2732,2 shilings 6 pence
2733,marks
2734,fifteen thousand Antillean guilders
2735,1000 Mickey Mouse pesos
2736,Polish Zloty
2737,DKR 8 million
2738,1.4 billion Cape Verdean escudos
2739,1000 Moldovan lei
2740,"23,200"
2741,Four Thousand Eight Hundred and Sixty Two Dollars and Zero Cents
2742,"$6,194,26"
2743,"926, 021,679 (Nine hundred twenty six million twenty one thousand six hundred and seventy nine) rubles 04 kopecks"
2744,"CR$ 647,50"
2745,"$1,205,03"
2746,466
2747,1p
2748,Slovak koruny
2749,14 thousand
2750,3 1⁄8 guilders
2751,"20,078"
2752,CA$: -4
2753,Seven Hundred Fifty Thousand and No/100
2754,74
2755,1564 billion
2756,2 sewas
2757,6 221 mln. roubles
2758,Br
2759,"15,000 Mexican pesos"
2760,three
2761,"ECU 350, 000 million"
2762,Yuan
2763,$3- 23
2764,1 54
2765,19 Cypriot pounds (C)
2766,four million Tajik somoni
2767,8.6
2768,markka payazzo
2769,"NIS 1,347"
2770,10 złotych
2771,Cents
2772,59.5 new shekels (NIS)
2773,16
2774,25s
2775,"$1,002,38"
2776,"1,840,20"
2777,600 million
2778,Br310
2779,CA$: -8
2780,(thousand USD) 48
2781,31 billion Philippine pesos
2782,11.8
2783,"NKr 1,057,602"
2784,US$.60
2785,Rwandan francs
2786,"$4,000 Chilean Pesos"
2787,rub.
2788,"£1, 6 shillings 8 pence"
2789,20 thousand
2790,EC$87.6 million
2791,311 million
2792,8 scudos
2793,LUF
2794,"2,600,000"
2795,LE
2796,two and a half million ECU
2797,30 000 000
2798,ل.ل.
2799,коп.
2800,531 billion
2801,EURO : +
2802,S$75 SGD
2803,"62,060,000"
2804,"Millions of yen 5,000"
2805,"5,247 million"
2806,"NIS 2,579"
2807,"zł1,250"
2808,"British-Indian Rupees 300,000"
2809,6.3 million
2810,18b. $
2811,20
2812,"India rupee 10,000"
2813,E£15.75 EGP
2814,55
2815,1 as (assarion)
2816,8
2817,20 soldi
2818,40 million Deutsche Mark (DM)
2819,EC$55 million
2820,Swiss livres
2821,one hundred
2822,FmK 5 million
2823,NIS 450 million
2824,7 million
2825,one and a half billion Belgian francs
2826,10 Mio EUR
2827,TEUR 196
2828,$92 million 2007 USD
2829,CFA
2830,"Bt 5,666,010,499"
2831,MF
2832,"416,353.76"
2833,1.5 trillion
2834,100 Polish Zloty
2835,four
2836,208
2837,RS.300/-
2838,&J5.00
2839,950 million Bosnian marka
2840,"Grosz,"
2841,50 shilin/shillings
2842,"200,000 Kyrgyz som"
2843,600 Tshs
2844,"4,246 million"
2845,kop.
2846,"90,000"
2847,"13,236,50"
2848,"436,845.85"
2849,1992
2850,250 CFA
2851,Maldivian 1000 rufiyaa
2852,67 15
2853,180 million
2854,&J
2855,13s 4d
2856,"286,772"
2857,RO
2858,"270,000,000 New Israel Shekels"
2859,30 828 774 000 (Thirty billion eight hundred and twenty eight million seven hundred seventy four thousand) roubles
2860,500 SIT
2861,2.470.65
2862,ptas
2863,800
2864,Swiss franks
2865,28
2866,quattrini
2867,SGD
2868,German marks
2869,FF 19 million
2870,$.
2871,1.332.30
2872,Cuban Pesos
2873,4 [cents]
2874,2.7 billion Colombian pesos
2875,Cape Verde escudos
2876,"6,070,000"
2877,"1.294,15"
2878,€UR 16.56 million
2879,"Php 145, 000.00"
2880,"11,448.83 Cuban pesos"
2881,"seven thousand, six hundred"
2882,"3,3 10.67"
2883,"1,733,506"
2884,DEM 6 000
2885,168 Deutsche Mark (DM)
2886,"1,149,195,101"
2887,70 billion
2888,"1,029,53"
2889,"ECU 2, 000"
2890,"$ 90,000”"
2891,colones
2892,peso fuerte
2893,1 T$
2894,Rp245.41 trillion
2895,80 000
2896,6
2897,FIM 1.8 billion
2898,twenty one
2899,"$1,025,03"
2900,"1,057,602"
2901,40.9450 Philippine pesos
2902,35.6 million
2903,24 skilling
2904,KZT
2905,46.8
2906,1 peso sencillo
2907,13 Million Maldivian Ruffiya
2908,DKK
2909,239.5
2910,9770
2911,six accounting Polish złoty
2912,thousand
2913,CFA 20 000
2914,30
2915,"500,000"
2916,291
2917,swiss franks
2918,1.1 bn.
2919,1.2287
2920,510
2921,"GH₵1,500"
2922,4 billions’
2923,"11,600"
2924,US Dollars 5.000.000.00
2925,9 baiocchi
2926,287
2927,9832
2928,"(Pound Sterling) 454,057.50"
2929,"Millions of yen 8,486"
2930,4.44 NIS
2931,"1,273,086"
2932,8.800
2933,5 quattrini
2934,two lepta (singular lepton)
2935,2½ scudi
2936,"1,146"
2937,6 piccoli
2938,"MX$29,398,668"
2939,50 centésimos
2940,"Pounds,"
2941,Colombian Pesos
2942,2.500
2943,"Rbth 170,948"
2944,1250
2945,3000 Polish zlotys
2946,110 million
2947,"$2,014,75"
2948,"k€ 34,790"
2949,"Fmk 1,000,000"
2950,176.076
2951,£M 3.00.0
2952,380.2 million
2953,5
2954,£92 50
2955,BYR 0.08 trn
2956,5000
2957,2000 DM
2958,30 billion
2959,1108.7 mln.
2960,"MX$8,803,885"
2961,2 colones
2962,NOK 5000.-
2963,22
2964,Half a million Swedish kronor
2965,"200,000 Emirati Dirhams"
2966,456 Polish zloty
2967,BD
2968,1000
2969,$25-401K
2970,99.67 Canadian cents
2971,NIS
2972,centésimos
2973,pesos ley
2974,DM
2975,10 Reales
2976,NAƒ200 million
2977,"14,775,026"
2978,250
2979,99.67
2980,colones
2981,Icelandic krónas
2982,P
2983,Rupees
2984,"475,000"
2985,ecu
2986,2.48 kroner/kronor
2987,Belarusian roubles
2988,"CR$ 2,750"
2989,"DM 20,000,000"
2990,"¥ I 14,6 billion"
2991,One million two hundred and seventy three thousand eighty six
2992,0.75
2993,Rupees 10 cores (100 million)
2994,10.3 m.
2995,1 new ouguiya
2996,20 groszy
2997,"zł7,000"
2998,1990
2999,two lepta
3000,EU
3001,1531.76
3002,"Italian lira 1957,30"
3003,xerafims
3004,S$3.66
3005,"DM 149,000,000"
3006,12 griveni
3007,"39,290"
3008,200.482
3009,kopecks
3010,17.5 million złotys
3011,10 474 033 Portuguese escudos
3012,1 ₽ million
3013,S$8 million
3014,"454,057.50"
3015,"20,000 Kyrgyz som"
3016,380.2 million Cayman Island dollars (CI$)
3017,3
3018,MX $10.9950
3019,GH₵
3020,200 shilingi
3021,24 skillings
3022,57464-00
3023,"12,6 million"
3024,10.5 billion CN¥
3025,markkaa
3026,280 million Mexican pesos
3027,25 pesos moneda corriente
3028,"280,000"
3029,"27,600"
3030,CFA 40 000
3031,Ukrainian five-hryvnia
3032,"MX$10,085,567 pesos"
3033,"SR 147,800,000"
3034,"283,060.00 Dominican pesos"
3035,"13,100 billion"
3036,"four fifty four                               thousand fifty seven Pounds, 50p"
3037,"165,320,885 Peruvian soles"
3038,10000 shilingi
3039,9-3
3040,SR
3041,$ S32
3042,₽
3043,AZN
3044,Eastern Caribbean dollars
3045,72 billion D-marks
3046,"(JPY million) 11,600"
3047,16 quartos
3048,2.048
3049,25
3050,$m/c 25
3051,¾ pence
3052,million PTE
3053,BZ$30 million
3054,BYR 19.7 trn
3055,9832 Polish zloty
3056,>
3057,1990 CFA
3058,"KZT31,245.0 m."
3059,"1938,80"
3060,"43,000,000"
3061,336
3062,$.60 U.S.
3063,€9-3
3064,carats
3065,ten
3066,one red złoty
3067,SGD
3068,koruny
3069,Latvian lats
3070,"194,199 (One hundred and ninety four thousand one hundred and ninety nine) roubles and 56 kopecks"
3071,65.2 (billion yen)
3072,$217.
3073,19.0 m.
3074,200 million
3075,Bz$ 84.28 million
3076,NOK. 60 000.-
3077,34.4
3078,5 Keteng
3079,CI$
3080,Chilean pesos
3081,CZK
3082,12 skilling
3083,CFA 500
3084,"EU-12,6 million"
3085,188
3086,GRD 340.75
3087,60.00
3088,skilling
3089,49 million
3090,One
3091,"10,5 million"
3092,7·5 million Danish kroner
3093,30 carats
3094,"10,516.18"
3095,120    deutsche   marks    (DM)
3096,CFA 50 000
3097,5 szóstaków
3098,100 baiocchi
3099,10
3100,"245 pounds, 1 shilling, and 2 pence"
3101,Argentine Pesos
3102,"RD$500,000 Dominican Pesos"
3103,1 million
3104,Col$ 12.5 billion
3105,LVL 10.54 million
3106,eighty five
3107,1.44 billion
3108,Chilean Pesos
3109,"23,800 Romanian lei"
3110,376 Polish zloty
3111,"31,245.0 m."
3112,céntimos
3113,506 735.84
3114,386
3115,NIS 1.8 billion Israeli new shekel (NIS)
3116,¼
3117,"1945,10"
3118,S$1.2277
3119,35
3120,15 laree
3121,COL
3122,"Rls 13,100 billion"
3123,"6,058"
3124,500
3125,BDT
3126,"10,000"
3127,4
3128,"243, 900, 720"
3129,Fifty‑Eight Billion Fifteen Million One Hundred Thirty-Seven Thousand Two Hundred Sixty-Nine South Korean Won
3130,8
3131,yuan and eighty five fen
3132,Billion Fifteen Million One Hundred Thirty-Seven Thousand Two Hundred Sixty-Nine
3133,69 papal florins
3134,Pakistani rupee
3135,Romanian lei
3136,"4423,00,00,00,000"
3137,2.33
3138,300 griveni
3139,$80 00
3140,0.702804 Latvian lats (LVL)
3141,GRD
3142,50 000
3143,lepta
3144,148.0 mln. manats
3145,5087943-00
3146,Renminbi one hundred eighty thousand seven hundred fourteen yuan and eighty five fen
3147,"SR 44,000,000"
3148,3 tenge 60 tiyn
3149,HKD
3150,Taiwan dollars
3151,CFA 500 million
3152,BZ$49 million
3153,"167,914,422"
3154,"7,377.43"
3155,70 thousand
3156,1/8
3157,annas
3158,mills
3159,trojaków
3160,USS 8 million
3161,0.702804
3162,"1, 2009: $750.00"
3163,"3,700 Czech koruny"
3164,57464-00$
3165,S$
3166,"12,250"
3167,9 00
3168,136 million
3169,"35,131.20"
3170,Frw 200
3171,EURO : -11
3172,Polish zloty
3173,Cl
3174,"1,5 million"
3175,PKR.
3176,krooni
3177,"83, 000 million"
3178,13 million kronen
3179,Argentine pesos
3180,15
3181,"277,184"
3182,33 million
3183,"12,500,000"
3184,800
3185,Austrian kronen
3186,19.7
3187,"GRD 1,5 billion"
3188,"MX$475,000"
3189,0.08
3190,D-marks
3191,Norwegian speciedaler
3192,"one hundred and fifteen cedis, fifty pesewas"
3193,Swedish kronor
3194,$882 38
3195,4.8 d
3196,32
3197,"MX$39,290"
3198,AU $426
3199,JPY
3200,"Col$ 40,083,946,000"
3201,31 million Swedish kronor
3202,KZT 11.3 m.
3203,"3,600, 000"
3204,60 million
3205,200 million zł
3206,¥10mn
3207,69
3208,new ouguiya
3209,CR$
3210,900
3211,prutot
3212,"687,897.00"
3213,ternarów/trzeciaków
3214,New Israeli Shekels
3215,"12,500,000 markkaa (Fmk)"
3216,500 million Icelandic kronur
3217,24.500
3218,BZ$3.6 million
3219,60
3220,"din 10,000"
3221,£
3222,80
3223,Ђ
3224,three hundred
3225,"CFA 10,000"
3226,real de plata
3227,280 million
3228,CYP
3229,"S3,700,000"
3230,m$n 1
3231,one hundred
3232,"200,000"
3233,"DM 298,000"
3234,30 grosze
3235,one peseta fifty
3236,Fr
3237,MX$1.44 billion
3238,two-thirds of a pound Scots
3239,2.048 NIS
3240,Kyrgyz som
3241,26.051 million
3242,500 million CZK (Czech Republic crowns)
3243,2.48
3244,47
3245,"CFAF 1,040"
3246,3 million
3247,US S
3248,"2,000 zł"
3249,Bz$ 107 million
3250,243 pounds 1 shilling 2 pence
3251,skillings
3252,URV
3253,1825
3254,Cayman Islands dollars (C$)
3255,BZ$
3256,"BF 18,200,000"
3257,"HKD800, 000"
3258,"87,849 NIS"
3259,245
3260,"1,700 Argentine Pesos"
3261,664
3262,groszy
3263,383.64 million
3264,"7,000"
3265,Emirati Dirhams
3266,Renminbi eight point five yuan
3267,peseta
3268,CFA 23 000
3269,120
3270,10.5 billion
3271,COL 100 million
3272,Polish Zlotys 40 million
3273,"DM 20,000"
3274,"7,600"
3275,quartos
3276,___________________________60.00
3277,"147,800,000"
3278,Kz
3279,18 Polish accounting złoty
3280,13 million
3281,"k€ 44,842"
3282,DR$35
3283,400
3284,Cayman Islands dollars
3285,Col$ 1.3 billion
3286,1 old ouguiya
3287,268 million
3288,"GH₵50,000"
3289,"500,000 Slovak koruna (Ks)"
3290,243
3291,30 groszy
3292,DR$
3293,"din 5,000"
3294,"500,000 CFA-franc"
3295,"$ 1,781,09"
3296,$1 12.91
3297,284
3298,US$22 trillion.
3299,10 carlini
3300,30 million
3301,4 m.
3302,two and a half million
3303,Polish zlotys
3304,"ecu 83, 000 million"
3305,ten mills
3306,1 specidaler
3307,EURO : -8
3308,176.076 Portuguese escudos
3309,marek
3310,reales de vellón
3311,Danish Kr 0.217
3312,100 krooni
3313,20
3314,4.500
3315,"Italian lira 1947,28"
3316,centimo
3317,"30,000"
3318,60 million CFA
3319,110 million
3320,U$
3321,pesos argentinos
3322,Renminbi
3323,scudi
3324,"din 1,000"
3325,5.9 billion Taiwan dollars
3326,17.3
3327,papal florins
3328,€
3329,Frw 24.500
3330,1.7 billion
3331,540 denarów
3332,70 thousand Belarusian roubles
3333,six
3334,Pence
3335,0.585274
3336,2932 Polish zloty
3337,"(RMB thousand) 94,300"
3338,72 billion
3339,"2,998.1 million Bahraini dinars (BD)"
3340,80 billion
3341,francos
3342,664 Polish zloty
3343,SGD 5087943-00
3344,"1,000,000"
3345,18
3346,MEUR 46.8
3347,65.2
3348,100 kronen
3349,"Millions of yen 12,878"
3350,maravedi
3351,d
3352,"Millions of Japanese Yen 117,050"
3353,00
3354,"1,000"
3355,MEUR 34.4
3356,CNY : -4
3357,500 francs CFA
3358,1531.76 Italian lira
3359,3.2 Emalangeni
3360,92 50
3361,¥ I
3362,JPY 11 billon
3363,(seventy seven thousand two hundred ninety eight) roubles 69 copecks
3364,376.9 million
3365,grani
3366,___________________________
3367,"800, 000"
3368,1 10.00
3369,184
3370,"CN¥38,500"
3371,Mexican pesos
3372,"3,3 60.00"
3373,ECU
3374,One Hundred and Eighty-Five                            Thousand Five Hundred and Sixty Three Pounds and                            Fifty Pence
3375,US$
3376,12.5 billion
3377,(five hundred six thousand seven hundred thirty five) roubles 84 copecks
3378,180 groszy
3379,"2,998.1 million"
3380,"200,000 Francs CFA"
3381,’
3382,"DEM 120,671"
3383,roubles 84 copecks
3384,4.500Kz
3385,"121,667"
3386,GH₵ 115.50
3387,"7,600 koruny"
3388,"pounds,"
3389,"2,750"
3390,50.50
3391,’ kopeks
3392,MEUR 239.5
3393,l·65 scudi
3394,"8,000"
3395,"124,563,452"
3396,469 Polish zloty
3397,100 colones
3398,m$n
3399,148.0 mln.
3400,CFAF 375
3401,10.9950
3402,"2,054.90"
3403,11
3404,1 936.27
3405,Y170
3406,200.482 Portuguese escudos
3407,1.2277
3408,2 blancas
3409,55 million Swiss franks
3410,$ 1.000.00
3411,D-Marks
3412,Danish Kr
3413,2 scudi
3414,birr
3415,Italian lira
3416,"34,265,045 Libyan dinars (LD)"
3417,CYP 10
3418,Japanese Yen
3419,Somoni
3420,"110,000"
3421,"5,000 marek"
3422,2.33 Brazilian reais
3423,(JPY million ) 100
3424,^
3425,"BZ$50,000"
3426,26.051 million Colombian pesos
3427,426
3428,"$3,3 60.00"
3429,US$4 billions’
3430,2000 zlotys
3431,c
3432,fifty
3433,40 000
3434,$9 00
3435,Slovak koruna
3436,baiocchi
3437,77 298.69 rbl.
3438,"(TWD thousand) 1,154,588"
3439,⁄
3440,"2,400,000"
3441,pesos moneda nacional
3442,3.3 million
3443,24
3444,One Hundred New Sheqalim
3445,francs CFA
3446,76
3447,110..00
3448,100 pesos argentinos
3449,5000 LTL
3450,"149,000,000"
3451,COL $1 million
3452,"Italian lira 1945,10"
3453,"Colombian pesos 12,250"
3454,22 trillion.
3455,Bz$ 10.4 million
3456,"SR 37,500,000"
3457,fifty céntimos
3458,25 Cuban pesos
3459,CFA-franc
3460,florins di Camera
3461,386 BTC
3462,"107,492 roubles 47 ’ kopeks"
3463,60 lepta
3464,"1957,30"
3465,"23,800"
3466,500 million
3467,10 474 033
3468,>9.00
3469,"Cuban Pesos 9,109.51"
3470,PH₱ 543 million
3471,100000
3472,3.2 Eastern Caribbean dollars (ECS)
3473,"1939,31"
3474,MEUR
3475,10 old ouguiya
3476,US Dollars
3477,84
3478,one UK pound
3479,JPY 35’000
3480,"Fmk 43,000,000"
3481,four fifty four                               thousand fifty seven
3482,10 trojaków
3483,1 krone/krona
3484,LVL
3485,1⁄2
3486,882 38
3487,0.79
3488,"100,000 Kyrgyz som"
3489,1.5 million
3490,"500,000,000"
3491,Mongolia Tugriks
3492,"10,000 pesos ley"
3493,CFAF 10
3494,100 ptas
3495,CFAF 250
3496,1 trillion
3497,Half a million
3498,CYP 1
3499,"DM 687,897.00"
3500,PH₱
3501,piccoli
3502,Icelandic kronur
3503,five hundred six thousand seven hundred thirty five
3504,8 million Belarusian roubles
3505,Fifty Thousand United States          Dollars
3506,800 CFA
3507,"DM 277,184"
3508,1/8 onza
3509,One hundred and ninety four thousand one hundred and ninety nine
3510,"MX$167,914,422 pesos"
3511,"cedis,"
3512,yen
3513,EUR 1 mio.
3514,Bz$
3515,250.00+
3516,CFA 375 million
3517,"17 609,3 mln."
3518,DEM
3519,Maldivian Ruffiya
3520,30 million
3521,CFAF 188
3522,"37,500,000"
3523,new dinars
3524,"BD 3,165 million"
3525,real de vellón
3526,million Portuguese Escudos (PTE)
3527,"1,200 Polish zlotys"
3528,blancas
3529,PTE
3530,CFAF 209
3531,2000 D-Mark
3532,1.8 billion
3533,CFA
3534,100 million
3535,"3,165 million"
3536,Br
3537,⁄2 skilling
3538,Dinar
3539,"1,179 million"
3540,US$ : +
3541,"10,516.18 Cuban pesos"
3542,25 billion
3543,CFA 150 million
3544,90 million Argentine pesos
3545,"2,400"
3546,"200,000 złotys"
3547,"220,000"
3548,12
3549,Brazilian reais
3550,"3,700"
3551,624.000.00
3552,$110..00
3553,roubles 69 copecks
3554,BYR 20.5 trn
3555,NOK 5000.
3556,100 pesos moneda nacional
3557,shiling
3558,US Dollars 30.000.000.00
3559,2534.1 mln.
3560,​1⁄2 skilling
3561,"120,671"
3562,"7,965 billion"
3563,10 reales de vellón
3564,1 936.27 Italian lira
3565,5.000.000.00
3566,USS
3567,eight
3568,"220,000 Moldovan lei"
3569,"16,000"
3570,£S2S
3571,Portuguese escudos
3572,old ouguiya
3573,Cuban convertible pesos
3574,"170,948"
3575,2½
3576,GH₵300
3577,80 00
3578,KZT519.0 m.
3579,543 million
3580,16 shillings 4¾ pence
3581,2.660 million Chilean pesos
3582,maravedíes
3583,NIS 1.8 billion Israeli new shekel
3584,CA$ : -5
3585,One Hundred and Eighty-Five                            Thousand Five Hundred and Sixty Three
3586,"5,000"
3587,szelągów
3588,0.01 scudi
3589,3 skilling
3590,3.6 million
3591,619.66 billion New Israeli Shekels (NIS)
3592,"100,000"
3593,peso de oro
3594,13 Million
3595,$30 million peso RD
3596,16
3597,"2,054.90 Colombian Pesos"
3598,$ S
3599,300
3600,"30,000 maravedíes"
3601,Portuguese Escudos
3602,13
3603,CFA 1.7 billion
3604,19.2 mln. AZN
3605,CFAF
3606,"20,000"
3607,56
3608,84.28 million
3609,kroner/kronor
3610,500.0 m.
3611,8.800Kz
3612,GH₵ 60 million
3613,24.9 m.
3614,"MX$1,295,358"
3615,540
3616,CFAF 5
3617,"HKD 3,600, 000"
3618,3.66
3619,specidaler
3620,Cape Verdean escudos
3621,22.00
3622,Peruvian Soles
3623,"$_____27,600"
3624,1 billion Malawian kwacha (MK)
3625,2000
3626,S$1.2287
3627,11.3 m.
3628,12040 Belarusian roubles
3629,$1 10.00
3630,BYR 0.75 trn
3631,291 Polish zloty
3632,4 skilling
3633,Fifty
3634,emalangeni
3635,20.5
3636,pesewas
3637,10 438 000 000 Cape Verdean escudos
3638,30 Peruvian soles
3639,din
3640,2333 Polish zloty
3641,CA$ : +9
3642,600
3643,​1⁄5
3644,2 reales de vellón
3645,"4,122,05"
3646,NAƒ110 million
3647,ptas
3648,Swiss franks
3649,"HKD 2, 800, 000"
3650,465 Swedish million kronor
3651,1.3 billion D-Marks
3652,"Millions of Israeli New Shekels 21,399"
3653,31 million
3654,$________1250
3655,"100,000 Colombian pesos"
3656,"EU-10,5 million"
3657,MX $
3658,quarto
3659,USD 22 min
3660,accounting Polish złoty
3661,8 reales de vellón
3662,"130,000 emalangeni"
3663,376
3664,United States          Dollars
3665,1.3 billion
3666,5.2 billion
3667,2.507 million
3668,USD
3669,"1,154,588"
3670,MEUR 24.3
3671,19.2 mln.
3672,"1,380,968.78 Argentine pesos"
3673,7
3674,złotys
3675,25 centimo
3676,76 Reichsmark (RM)
3677,Swedish
3678,billion
3679,KZT56.4 m.
3680,100
3681,1 maravedi
3682,170
3683,2.500Kz
3684,35 RM
3685,Gobog
3686,CA$ : +
3687,27 million
3688,10.4 million
3689,5 million
3690,Millions
3691,Czech koruny
3692,707
3693,dinars
3694,CYP 0.585274 ( Cyprus pounds )
3695,172.7
3696,250 million
3697,1/16 onza
3698,$3.529.50
3699,"8,803,885"
3700,NAƒ
3701,kronen
3702,point five yuan
3703,Keteng
3704,3 billion
3705,519.0 m.
3706,"90,000"
3707,1 trillion US S
3708,AU $
3709,250.00
3710,KZT19.0 m.
3711,180 00
3712,"MX$1,165,650"
3713,Ptas
3714,five
3715,"194,199"
3716,MX$200 million
3717,4000
3718,"2, 800, 000"
3719,COL $
3720,6400 Polish zloty
3721,Slovak koruna (Ks)
3722,CA$ :
3723,€7-7 billion
3724,469
3725,3.15 million
3726,55 million
3727,1 12.91
3728,BTC
3729,Rls
3730,23 000
3731,USD 1108.7 mln.
3732,568.450.000
3733,KZT561.3 m.
3734,Gobogs
3735,107 million
3736,Y168
3737,kronor
3738,"20,000 Fr"
3739,"7,965 billion Colombian pesos"
3740,USS 3.5 million
3741,2.660 million
3742,220 million Peruvian Soles
3743,7-7 billion
3744,540 groszy
3745,"16,000 maravedíes"
3746,120 skilling
3747,3.529.50
3748,8 million
3749,20 shahi
3750,172 million
3751,"34,265,045"
3752,Cl 707
3753,506 735.84 rbl.
3754,Colombian pesos
3755,$
3756,two xerafims
3757,"Chilean Pesos 80,000"
3758,"1,500 Liberian dollars (L$)"
3759,Qirsh
3760,"8,000 koruny"
3761,"80,000"
3762,1.2
3763,imperial Marks
3764,BYR 0.79 trn
3765,0.217
3766,·
3767,One Gobog
3768,26
3769,U$100000
3770,26.80
3771,dinar
3772,BF
3773,1/4
3774,"Rbth 121,667"
3775,Br268.5
3776,60 000
3777,209
3778,40 million Kyrgyz som
3779,Fifty Thousand
3780,118.000
3781,CI$ 35.6 million
3782,"1,500"
3783,Reichsmark
3784,0.01
3785,10 lepta
3786,"BF 124,563,452"
3787,10 francs 50
3788,Dominican pesos
3789,30 billion D-marks
3790,RM
3791,1 Chinese Renminbi Yuan
3792,+
3793,760
3794,5 scudi
3795,EURO :
3796,10.54 million
3797,"38,500"
3798,quattrini
3799,2333
3800,"1,179 million Colombian Pesos"
3801,"2,014,75"
3802,Israeli New Shekels
3803,1
3804,"94,300"
3805,"50,000"
3806,"20,000 Francs CFA"
3807,Mongolia Tugriks 25 billion
3808,4000 Gobogs
3809,CI$ 376.9 million
3810,50.50^
3811,217
3812,DM 580 million
3813,1.5 million DM
3814,TEUR 760
3815,Vietnamese đồng
3816,Col$
3817,Emalangeni
3818,50.0 m.
3819,grosze
3820,Zł
3821,1.6 bln.
3822,CI$ 3.3 million
3823,JPY 2.7 bn.
3824,60 groszy
3825,Rbth
3826,KZT1.1 bn.
3827,115.50
3828,quart
3829,5 Cuban convertible pesos
3830,deutsche mark
3831,Renminbi (CNY) 100
3832,90 million
3833,Six francs 60
3834,MX$
3835,268.5 Belarusian roubles
3836,Reales
3837,"14,775,026 deutsche mark (DM)"
3838,"283,060.00"
3839,manats
3840,denarów
3841,10 prutot
3842,"k€ 10,052"
3843,red złoty
3844,"4,000,000"
3845,5087968-00
3846,510 Polish zloty
3847,184·2 baiocchi
3848,5.9 billion
3849,Br9770
3850,340.75
3851,Liberian dollars
3852,Cuban pesos
3853,"169,000,000"
3854,1.5 million Colombian Pesos
3855,400 Gobogs
3856,two and a half million Austrian kronen
3857,90 szelągów
3858,szóstaków
3859,500 Portuguese escudos
3860,zł
3861,"58,950 million"
3862,CFA 3 billion
3863,1 real de plata
3864,New Sheqalim
3865,50
3866,Pounds
3867,50 centimos
3868,SGD 5087968-00
3869,27 million Cuban pesos
3870,EURO : -26
3871,B$108 million
3872,2.507 million Chilean pesos
3873,180
3874,90 scudi
3875,"58,950 million Colombian Pesos"
3876,100 florins di Camera
3877,griveni
3878,110 million birr (Br)
3879,268.5
3880,two
3881,400Kz
3882,LTL
3883,B$807 million
3884,one hundred eighty thousand seven hundred fourteen
3885,one hundred (new) dinars
3886,shahi
3887,11 baiocchi
3888,180 ternarów/trzeciaków
3889,"44,000,000"
3890,₪3 million NIS
3891,Ecuadorian 8 Escudos doubloon
3892,zlotys
3893,seventy seven thousand two hundred ninety eight
3894,10 centimo
3895,$________
3896,CFAF 60
3897,shilingi
3898,million CFA
3899,1.2 imperial Marks
3900,3.5 million
3901,CFAF 350
3902,20 000
3903,D-Mark
3904,4.8
3905,laree
3906,2932
3907,"CFAF 1,000"
3908,Y
3909,P383.64 million
3910,5 francos
3911,US$ : +13
3912,Reichstaler
3913,"$2,060,86"
3914,9
3915,1/4 onza
3916,BZ$45 million
3917,25 centimos
3918,200 million
3919,6400
3920,80 billion Icelandic kronur
3921,1⁄2 marek
3922,tenge
3923,DKK 8 mio.
3924,"10,085,567"
3925,"BDT 4423,00,00,00,000"
3926,Peruvian soles
3927,1 billion
3928,TEUR
3929,Fmk
3930,one dinar and a half
3931,"S 35,131.20"
3932,"34,585,372"
3933,190 million DKK (Danish crowns)
3934,"1,273,086 (One million two hundred and seventy three thousand eighty six) roubles and 00 kopecks"
3935,65
3936,"Pakistani rupee 1,146 and 10 annas"
3937,"280,000 Colombian pesos"
3938,"1,165,650"
3939,268 million Swedish kronor
3940,ECU 4 m.
3941,"shilling,"
3942,"4,000,000 kr."
3943,one hundred and fifteen
3944,30.000.000.00
3945,shillings
3946,17.5 million
3947,"130,000"
3948,"$4,122,05"
3949,Frw
3950,: $
3951,"1,380,968.78"
3952,MX$136 million
3953,"1,781,09"
3954,"107,492"
3955,Polish accounting złoty
3956,77 298.69
3957,"7, 5 million tenge"
3958,"(HKD thousand) 123,000"
3959,krone/krona
3960,thirds of a pound Scots
3961,million
3962,350
3963,600 Reichstaler
3964,11 million Peruvian soles
3965,2
3966,9.00
3967,Canadian cents
3968,"2,400 Polish zlotys"
3969,40 million
3970,CFA 172 million
3971,"10,000 Dominican pesos"
3972,deutsche   marks
3973,619.66 billion
3974,100 Qirsh
3975,Frw 336
3976,rbl.
3977,"500,000 Icelandic krónas (kr.)"
3978,Polish Zlotys
3979,shilling
3980,45 million
3981,MEUR 17.3
3982,"D-Mark 1,5 million"
3983,"20,000,000"
3984,"millions of yen 5,842,405"
3985,"Cuban Pesos 7,377.43"
3986,¥287mn
3987,1 quarto
3988,S$ 3.15 million
3989,p
3990,"1,040"
3991,carlini
3992,"Italian lira 1942,80"
3993,6
3994,Bahraini dinars
3995,kr.
3996,465
3997,$_____
3998,​
3999,"500,000,000 Ptas"
4000,denari
4001,"298,000"
4002,"1,5 billion"
4003,B$178.3 million
4004,onza
4005,USD 2534.1 mln.
4006,"1,700"
4007,Ђ 1825
4008,Cuban Pesos
4009,000
4010,150 million
4011,"(JPY million ) 11,600"
4012,"Vietnamese đồng (VND) 2,400,000"
4013,"165,320,885"
4014,"Italian lira 1939,31"
4015,CN¥
4016,pounds
4017,"2,060,86"
4018,"14,6 billion"
4019,10000
4020,100 New Sheqalim
4021,168
4022,"87,849"
4023,S
4024,BZ$33 million
4025,CA$ : -80
4026,15 groszy
4027,20 grani
4028,"1947,28"
4029,4.44
4030,roubles
4031,peso sencillo
4032,2 Belarusian roubles
4033,Malawian kwacha
4034,25-401K
4035,375
4036,UK pound
4037,375 million
4038,Francs CFA
4039,Moldovan lei
4040,"18,200,000"
4041,Libyan dinars
4042,1 URV
4043,"DM 110,000"
4044,1 real de vellón
4045,centimos
4046,Danish kroner
4047,2.7 bn.
4048,US$ 1.6 bln.
4049,1.000.00
4050,1000 pesos argentinos
4051,"3,700,000"
4052,1 skilling
4053,"Millions of Japanese Yen (6,058)"
4054,500 Peruvian soles
4055,Br284
4056,4 maravedíes
4057,26.80 Swedish kronor
4058,900Kz
4059,Chinese Renminbi Yuan
4060,B$324 million
4061,"123,000"
4062,561.3 m.
4063,22.00 Zł
4064,10 438 000 000
4065,11 million
4066,"7, 5 million"
4067,250 million Colombian pesos
4068,TN Dinar 2 billion
4069,200
4070,24.3
4071,"17 609,3 mln. Somoni"
4072,500 colones
4073,NOK. 60 000.
4074,580 million
4075,56.4 m.
4076,francs
4077,One Hundred
4078,568.450.000 Argentine pesos
4079,tiyn
4080,220 million
4081,10 scudi
4082,MEUR 172.7
4083,"2,000"
4084,3000
4085,12040
4086,cores
4087,"1,295,358"
4088,one
4089,2·2 scudi
4090,pesos moneda corriente
4091,456
4092,DM 100
4093,"DM 169,000,000"
4094,"243, 900, 720 tenge"
4095,"1942,80"
4096,KZT10.3 m.
4097,3.2
4098,1/16
4099,Cayman Island dollars
4100,ten new dinars
4101,CYP 5
4102,"9,109.51"
4103,"Millions of Japanese Yen 110,992"
4104,190 million
4105,CNY :
4106,"29,398,668"
4107,2 skilling
4108,"34,585,372 Peruvian soles"
4109,118.000 swiss franks
4110,"1,200"
4111,three hundred denari
4112,"40,083,946,000"
4113,"Italian lira 1938,80"
4114,¼ Norwegian speciedaler
4115,S$5.2 billion
4116,"PKR.90,000"
4117,90
